planet,pradius,star,cluster,normalradius,sradius,luminosity,distance
Earth,1,Sun,1203,1,4,1,0
Jupiter,10.97,Sun,1203,1,4,1,0
Mars,0.532,Sun,1203,1,4,1,0
Mercury,0.383,Sun,1203,1,4,1,0
Neptune,3.86,Sun,1203,1,4,1,0
Saturn,9.14,Sun,1203,1,4,1,0
Uranus,3.98,Sun,1203,1,4,1,0
Venus,0.95,Sun,1203,1,4,1,0
HD 1666 b,11.68,HD 1666,302,193,196,53216.69938,110.6
HD 208527 b,11.57,HD 208527,360,51,54,621.020256,320.2
HD 13189 b,11.34,HD 13189,245,50,53,31.793875,185
HD 220074 b,11.51,HD 220074,383,50,53,530.709878,290.2
beta Cnc b,11.65,beta Cnc,44,49,52,545.085116,92.99
BD20 2457 b,10.85,BD20 2457,43,43,46,475.886188,200
BD20 2457 c,11.44,BD20 2457,43,43,46,475.886188,200
beta Umi b,11.68,beta Umi,46,42,45,459.986643,40.14
HD 96127 b,11.66,HD 96127,517,35,38,326.629446,540
HD 240237 b,11.68,HD 240237,397,32,35,332.302917,1500
gamma 1 Leo b,11.62,gamma 1 Leo,90,32,35,320.536881,38.5
sig Per b,11.68,sig Per,1069,28,31,255.822467,108.3
tau Gem b,10.9,tau Gem,1075,27,30,238.905352,98.4
11 UMi b,11.54,11 UMi,2,24,27,184.570281,119.5
HD 47536 b,11.68,HD 47536,449,23,26,181.891516,121.36
HD 47536 c,11.67,HD 47536,449,23,26,181.891516,121.36
HD 122430 b,11.64,HD 122430,235,23,26,160.855015,135
42 Dra b,11.65,42 Dra,19,22,25,135.492709,97.3
SAND364 b,10.95,SAND364,1068,22,25,143.615299,
HD 66141 b,11.68,HD 66141,467,21,24,141.126949,80.9
eps CrB b,11.68,eps CrB,83,21,24,149.109888,67.9
HD 110014 b,11.51,HD 110014,217,21,24,152.992288,90
HD 95127 b,11.68,HD 95127,514,20,23,113.599432,300
11 Com b,10.98,11 Com,1,19,22,163.773362,110.6
4 Uma b,11.67,4 Uma,18,18,21,111.801993,78.5
81 Cet b,11.68,81 Cet,28,18,21,153.030103,97.2
BD+20 274 c,11.67,BD+20 274,40,17,20,91.461682,
HD 1690 b,11.68,HD 1690,307,17,20,93.189619,319
nu Oph b,10.68,nu Oph,1024,15,18,120.649768,46.8
nu Oph c,10.48,nu Oph,1024,15,18,120.649768,46.8
BD+15 2940 b,10.45,BD+15 2940,39,15,18,102.574923,585
eta Cet b,11.46,eta Cet,86,14,17,77.123641,38
eta Cet c,11.61,eta Cet,86,14,17,77.123641,38
omi UMa b,11.66,omi UMa,1053,14,17,134.684024,56.3
alf Ari b,11.15,alf Ari,31,14,17,74.492062,20.2
eps Tau b,11.66,eps Tau,85,14,17,97.15603,45
HD 173416 b,11.5,HD 173416,314,14,17,78.641899,135
HD 11977 b,11.68,HD 11977,232,13,16,92.885705,66.5
HD 81688 b,11.5,HD 81688,491,13,16,77.383406,88.26
HIP 75458 b,11.62,HIP 75458,537,13,16,57.384805,31.5
HD 216536 b,10.89,HD 216536,374,13,16,64.924308,
HD 14067 b,11.65,HD 14067,258,12,15,74.151228,163.4
ome Ser b,11.08,ome Ser,1051,12,15,70.270595,80.6
HD 2952 b,11,HD 2952,410,12,15,71.369944,115.2
ksi Aql b,11.52,ksi Aql,1002,12,15,67.447201,62.7
HD 59686 b,11.68,HD 59686,460,12,15,55.408405,92
HD 139357 b,11.58,HD 139357,257,11,14,57.598094,121.4
mu Leo b,11.42,mu Leo,1020,11,14,49.457726,38.05
14 And b,11.68,14 And,3,11,14,58.25573,76.4
BD +48 738 b,10.09,BD +48 738,33,11,14,41.210186,
HD 233604 b,11.68,HD 233604,394,11,14,56.162641,
HD 104985 b,11.68,HD 104985,202,11,14,55.621122,102
75 Cet b,11.56,75 Cet,27,11,14,54.550918,81.5
omi CrB b,10.92,omi CrB,1052,10,13,49.358867,84
HD 32518 b,11.57,HD 32518,417,10,13,41.233823,117.4
HD 102272 b,11.68,HD 102272,194,10,13,53.106888,360
HD 102272 c,11.48,HD 102272,194,10,13,53.106888,360
HD 145457 b,11.54,HD 145457,266,10,13,45.029051,126
HD 100655 b,11.08,HD 100655,188,9,12,43.326968,122
HD 62509 b,11.54,HD 62509,462,9,12,36.781939,10.34
HD 180314 b,10.81,HD 180314,322,9,12,44.388071,132
HD 120084 b,11.68,HD 120084,233,9,12,42.739089,97.7
HIP 105854 b,11.64,HIP 105854,527,9,12,35.913074,80.84
HD 5891 b,11.66,HD 5891,459,9,12,39.372464,251
91 Aqr b,11.59,91 Aqr,29,9,12,31.06195,45.9
18 Del b,11.55,18 Del,6,9,12,39.83788,73.1
HD 17092 b,11.68,HD 17092,310,8,11,27.678253,109
BD+49 828 b,11,BD+49 828,41,8,11,30.937093,
TYC+1422-614-1 b,11.45,TYC+1422-614-1,1082,7,10,22.459811,759
TYC+1422-614-1 c,11.56,TYC+1422-614-1,1082,7,10,22.459811,759
HD 27442 b,10.77,HD 27442,401,7,10,19.878627,18.1
HD 102329 b,11.68,HD 102329,195,6,9,19.380255,158
Kepler-91 b,15.5,Kepler-91,966,6,9,15.262177,1030
HD 28678 b,11.08,HD 28678,408,6,9,22.896005,227
HIP 78530 b,10.74,HIP 78530,539,6,9,415.085907,156.7
HD 206610 b,11.35,HD 206610,355,6,9,18.840464,194
HD 108863 b,11.48,HD 108863,212,6,9,16.974269,139
HD 240210 b,11.67,HD 240210,396,6,9,9.433483,143
HIP 67851 b,10.86,HIP 67851,535,6,9,15.631599,65.96
HD 5608 b,10.82,HD 5608,457,6,9,15.066566,58.2
HD 99706 b,10.82,HD 99706,525,5,8,15.479954,129
HD 145934 b,11.38,HD 145934,267,5,8,9.336104,
HIP 97233 b,10.94,HIP 97233,542,5,8,16.247527,106.5
6 Lyn b,11.42,6 Lyn,23,5,8,14.897593,56.9
HD 142245 b,11.21,HD 142245,263,5,8,13.736108,109.5
HD 210702 b,11.21,HD 210702,364,5,8,14.70216,56
HIP 63242 b,11.61,HIP 63242,534,5,8,28.619862,135
HD 212771 b,11.39,HD 212771,367,5,8,15.425843,131
kappa CrB b,11,kappa CrB,550,5,8,13.575524,31.1
24 Sex b,11.25,24 Sex,9,5,8,14.550615,74.8
24 Sex c,9.99,24 Sex,9,5,8,14.550615,74.8
gamma Cephei b,11.18,gamma Cephei,91,5,8,11.435285,13.79
HD 18742 b,11.5,HD 18742,331,5,8,13.988123,135
HD 4313 b,11.39,HD 4313,439,5,8,13.844586,137
HD 95089 b,10.58,HD 95089,513,5,8,13.485179,139
HD 152581 b,10.92,HD 152581,279,5,8,14.597787,186
HD 158038 b,11.15,HD 158038,290,5,8,11.887561,103.6
HD 82886 b,10.71,HD 82886,492,5,8,14.116783,125
HD 116029 b,11.31,HD 116029,227,5,8,11.407151,123.2
HD 131496 b,11.35,HD 131496,244,5,8,11.187571,110
HD 181342 b,11.6,HD 181342,324,5,8,11.998938,110.6
HD 1502 b,11.58,HD 1502,275,5,8,11.806911,159
HD 96063 b,10.07,HD 96063,516,5,8,12.76054,158
HD 98219 b,11.15,HD 98219,521,5,8,11.282703,134
Ross 458(AB) c,11.63,Ross 458(AB),1064,5,8,3.924729,114
HD 102956 b,10.19,HD 102956,197,4,7,11.332774,126
HD 167042 b,11,HD 167042,304,4,7,10.535173,50
HD 200964 b,11.18,HD 200964,348,4,7,11.797004,68.4
HD 200964 c,10.06,HD 200964,348,4,7,11.797004,68.4
HD 192699 b,11.45,HD 192699,340,4,7,12.032329,67
Kepler-56 b,6.5,Kepler-56,928,4,7,8.809515,
Kepler-56 c,9.86,Kepler-56,928,4,7,8.809515,
Kepler-56 d,11.6,Kepler-56,928,4,7,8.809515,
HD 30856 b,11.15,HD 30856,414,4,7,9.749972,118.1
HD 33142 b,10.71,HD 33142,419,4,7,10.309598,126
Kepler-432 b,16.24,Kepler-432,902,4,7,9.81298,874
KOI-1299 c,11.49,KOI-1299,988,4,7,9.81298,874
HD 180902 b,11,HD 180902,323,4,7,9.654493,110
HD 175541 b,9.28,HD 175541,316,4,7,8.717929,128
HD 1605 b,10.19,HD 1605,293,4,7,6.634216,84.6
HD 1605 c,11.62,HD 1605,293,4,7,6.634216,84.6
HR 228 b,11.41,HR 228,544,4,7,8.3521,
HR 228 c,11.41,HR 228,544,4,7,8.3521,
Kepler-391 b,3.19,Kepler-391,873,4,7,6.809796,
Kepler-391 c,3.54,Kepler-391,873,4,7,6.809796,
HD 136418 b,11.26,HD 136418,253,3,6,6.858389,98.2
HD 5319 b,11.23,HD 5319,456,3,6,6.211241,100
HD 148427 b,10.19,HD 148427,272,3,6,6.059753,59.3
HD 177830 b,10.91,HD 177830,318,3,6,4.807851,59
HD 177830 c,6.2,HD 177830,318,3,6,4.807851,59
Kepler-278 b,4.07,Kepler-278,749,3,6,4.812101,
Kepler-278 c,3.58,Kepler-278,749,3,6,4.812101,
HD 219415 b,10.27,HD 219415,381,3,6,4.072622,
HD 60532 b,11.58,HD 60532,461,3,6,8.787519,25.7
HD 60532 c,11.66,HD 60532,461,3,6,8.787519,25.7
HD 73534 b,10.51,HD 73534,480,3,6,3.788822,96.99
Kepler-13 b,15.75,Kepler-13,584,3,6,30.454107,
HD 38801 b,11.53,HD 38801,428,3,6,4.270497,99.4
HD 106270 b,11.52,HD 106270,204,3,6,5.665917,84.9
HD 196067 b,11.67,HD 196067,343,2,5,6.680477,44.3
HD 38529 b,9.79,HD 38529,427,2,5,5.626708,39.28
HD 38529 c,11.1,HD 38529,427,2,5,5.626708,39.28
WASP-71 b,16.8,WASP-71,1165,2,5,6.469748,200
HD 118203 b,11.76,HD 118203,230,2,5,4.686703,88.6
WASP-78 b,19.6,WASP-78,1171,2,5,6.628774,550
7 CMa b,11.48,7 CMa,25,2,5,2.502723,19.75
kappa And b,13.44,kappa And,549,2,5,78.383925,51.6
HAT-P-40 b,19.38,HAT-P-40,159,2,5,5.966438,501
Kepler-108 b,8.65,Kepler-108,562,2,5,5.053461,
Kepler-108 c,8.18,Kepler-108,562,2,5,5.053461,
HD 11964 b,9.32,HD 11964,231,2,5,3.234284,33.98
HD 11964 c,5.02,HD 11964,231,2,5,3.234284,33.98
WASP-82 b,18.7,WASP-82,1175,2,5,7.611255,200
KIC-5010054 b,6.94,KIC-5010054,975,2,5,4.008494,
HD 156411 b,9.69,HD 156411,287,2,5,5.072306,55.1
HD 89744 b,11.67,HD 89744,506,2,5,6.055681,40
HD 89744 c,11.59,HD 89744,506,2,5,6.055681,40
Kepler-40 b,13.1,Kepler-40,883,2,5,7.310936,2700
KIC-10255705 b,7.28,KIC-10255705,970,2,5,2.58127,
HD 114613 b,8.75,HD 114613,222,2,5,4.272489,20.67
HD 39091 b,11.55,HD 39091,430,2,5,4.755538,18.32
HD 23596 b,11.65,HD 23596,395,2,5,4.710355,52
KIC-11152511 b,4.03,KIC-11152511,972,2,5,3.000873,
WASP-88 b,19.04,WASP-88,1179,2,5,6.639428,
WASP-73 b,12.99,WASP-73,1167,2,5,5.082761,
Kepler-14 b,12.72,Kepler-14,594,2,5,6.293785,980
KOI-368.01 b,20.5,KOI-368.01,996,2,5,27.498413,
ROXs 42B b,11.57,ROXs 42B,1066,2,5,0.086431,135
HD 159868 b,11.31,HD 159868,292,2,5,3.073415,52.7
HD 159868 c,9.66,HD 159868,292,2,5,3.073415,52.7
Kepler-368 b,3.26,Kepler-368,847,2,5,3.354864,
Kepler-368 c,3.88,Kepler-368,847,2,5,3.354864,
Kepler-7 b,18.08,Kepler-7,943,2,5,4.536177,
HAT-P-7 b,16.03,HAT-P-7,175,2,5,5.507693,320
HD 216435 b,10.66,HD 216435,372,2,5,3.969626,33.3
WASP-100 b,18.93,WASP-100,1092,2,5,8.134786,
KIC-5732155 b,12.77,KIC-5732155,978,2,5,3.897421,
Kepler-145 b,2.65,Kepler-145,600,2,5,5.220922,
Kepler-145 c,4.42,Kepler-145,600,2,5,5.220922,
WASP-72 b,14.22,WASP-72,1166,2,5,5.367106,
WASP-90 b,18.26,WASP-90,1180,2,5,6.012626,340
70 Vir b,11.68,70 Vir,26,2,5,3.025375,22
CoRoT-21 b,14.56,CoRoT-21,62,2,5,5.015286,
HD 171028 b,11.25,HD 171028,311,2,5,3.508693,90
HD 19994 b,11.06,HD 19994,346,2,5,4.285198,22.38
HD 88133 b,11.2,HD 88133,504,2,5,3.044802,74.5
HD 219077 b,11.55,HD 219077,380,2,5,2.674337,29.35
HD 185269 b,10.16,HD 185269,328,2,5,4.055181,47
HD 43691 b,11.45,HD 43691,441,2,5,4.643354,93.2
HD 48265 b,10.53,HD 48265,450,2,5,3.935708,87.4
HD 86264 b,11.67,HD 86264,501,2,5,4.715981,72.6
WASP-63 b,16.02,WASP-63,1156,2,5,3.00869,330
HD 16175 b,11.67,HD 16175,295,2,5,4.066101,59.8
HD 96167 b,9.51,HD 96167,518,2,5,3.44048,84
Kepler-21 b,1.63,Kepler-21,674,2,5,4.385721,108
HR 810 b,11.37,HR 810,545,2,5,3.971636,17.17
Kepler-335 b,3.38,Kepler-335,812,2,5,3.663161,
Kepler-335 c,3.07,Kepler-335,812,2,5,3.663161,
Kepler-340 b,2.53,Kepler-340,818,2,5,5.897463,
Kepler-340 c,3.37,Kepler-340,818,2,5,5.897463,
WASP-106 b,12.15,WASP-106,1096,2,5,3.97959,283
WASP-111 b,16.15,WASP-111,1101,2,5,5.151731,210
Fomalhaut b,11.56,Fomalhaut,87,2,5,16.574551,7.7
HD 169830 b,11.54,HD 169830,308,2,5,4.682599,36.32
HD 169830 c,11.66,HD 169830,308,2,5,4.682599,36.32
KELT-2A b,14.63,KELT-2A,553,2,5,4.349152,128.9
HAT-P-49 b,15.83,HAT-P-49,167,2,5,6.521572,322
Kepler-33 b,1.79,Kepler-33,806,2,5,3.610921,
Kepler-33 c,3.25,Kepler-33,806,2,5,3.610921,
Kepler-33 d,5.38,Kepler-33,806,2,5,3.610921,
Kepler-33 e,4.03,Kepler-33,806,2,5,3.610921,
Kepler-33 f,4.48,Kepler-33,806,2,5,3.610921,
Kepler-87 b,13.55,Kepler-87,961,2,5,2.922704,
Kepler-87 c,6.15,Kepler-87,961,2,5,2.922704,
Kepler-217 b,2.23,Kepler-217,682,2,5,4.215578,
Kepler-217 c,1.85,Kepler-217,682,2,5,4.215578,
TrES-4b,19.11,TrES-4b,1079,2,5,4.285839,479
CoRoT-26 b,14.11,CoRoT-26,67,2,5,2.807005,1670
HD 106906 b,11.52,HD 106906,207,2,5,5.147254,92
HD 196885 A b,11.56,HD 196885 A,344,2,5,4.644649,33
Kepler-5 b,16.03,Kepler-5,921,2,5,4.535083,
HAT-P-33 b,20.46,HAT-P-33,151,2,5,4.756155,419
HD 154857 b,11.36,HD 154857,284,2,5,2.442906,64.2
HD 154857 c,11.47,HD 154857,284,2,5,2.442906,64.2
Kepler-337 b,1.53,Kepler-337,814,2,5,2.900891,
Kepler-337 c,2.05,Kepler-337,814,2,5,2.900891,
Kepler-38(AB) b,4.37,Kepler-38(AB),860,2,5,2.802527,
WASP-99 b,12.32,WASP-99,1187,2,5,4.053863,
WASP-48 b,18.7,WASP-48,1140,2,5,3.537312,
WASP-66 b,15.57,WASP-66,1159,2,5,5.213648,380
Kepler-338 b,2.44,Kepler-338,815,2,5,3.343146,
Kepler-338 c,2.34,Kepler-338,815,2,5,3.343146,
Kepler-338 d,3,Kepler-338,815,2,5,3.343146,
KELT-7 b,17.17,KELT-7,556,2,5,5.717536,129
WASP-76 b,20.5,WASP-76,1169,2,5,4.09734,120
HD 10697 b,11.68,HD 10697,208,2,5,2.68764,32.56
HD 13908 b,10,HD 13908,255,2,5,4.026799,71.2
HD 13908 c,11.68,HD 13908,255,2,5,4.026799,71.2
BD-10 3166 b,11.54,BD-10 3166,36,2,5,2.230782,66
HD 31253 b,8.84,HD 31253,415,2,5,3.310298,53.82
HAT-P-50 b,14.43,HAT-P-50,169,2,5,4.023498,597
HD 219828 b,5.14,HD 219828,382,2,5,3.122798,81.1
HD 224693 b,9.6,HD 224693,389,2,5,3.444073,94
Kepler-64(AB) b,6.19,Kepler-64(AB),937,2,5,13.87488,
HD 222155 b,11.21,HD 222155,387,2,5,2.763886,49.1
Kepler-101 b,5.87,Kepler-101,558,2,5,2.408483,
Kepler-101 c,1.33,Kepler-101,558,2,5,2.408483,
Kepler-36 b,1.48,Kepler-36,838,2,5,2.995809,
Kepler-36 c,3.68,Kepler-36,838,2,5,2.995809,
Kepler-89 b,1.71,Kepler-89,963,2,5,3.442552,
Kepler-89 c,4.32,Kepler-89,963,2,5,3.442552,
Kepler-89 d,11.2,Kepler-89,963,2,5,3.442552,
Kepler-89 e,6.16,Kepler-89,963,2,5,3.442552,
CoRoT-19 b,14.45,CoRoT-19,59,2,5,3.359904,800
Kepler-277 b,2.92,Kepler-277,748,2,5,3.862545,
Kepler-277 c,3.36,Kepler-277,748,2,5,3.862545,
HD 30562 b,10.7,HD 30562,412,2,5,2.837097,26.5
HD 74156 b,11.19,HD 74156,481,2,5,3.044827,64.56
HD 74156 c,11.65,HD 74156,481,2,5,3.044827,64.56
Kepler-129 b,2.36,Kepler-129,583,2,5,2.674735,
Kepler-129 c,2.54,Kepler-129,583,2,5,2.674735,
OGLE-TR-211 b,14.11,OGLE-TR-211,1047,2,5,3.862066,
WASP-79 b,19.04,WASP-79,1172,2,5,4.578817,240
HD 163607 b,9.77,HD 163607,297,2,5,2.250321,69
HD 163607 c,11.38,HD 163607,297,2,5,2.250321,69
ups And b,9.31,ups And,1083,2,5,3.55405,13.47
ups And c,11.15,ups And,1083,2,5,3.55405,13.47
ups And d,11.56,ups And,1083,2,5,3.55405,13.47
ups And e,10.37,ups And,1083,2,5,3.55405,13.47
WASP-87A b,15.51,WASP-87A,1178,2,5,4.110586,240
HAT-P-39 b,17.6,HAT-P-39,157,2,5,4.049865,642
CoRoT-23 b,12.1,CoRoT-23,64,2,5,2.818056,600
HD 90156 b,4.5,HD 90156,507,2,5,2.266681,39.6
HD 75898 b,11.45,HD 75898,484,2,5,3.018591,80.58
HD169142 b,10.3,HD169142,526,2,5,7.86639,145
WASP-12 b,19.44,WASP-12,1104,2,5,3.613674,427
CoRoT-17 b,11.42,CoRoT-17,57,2,5,2.462247,920
HAT-P-4 b,14.22,HAT-P-4,158,2,5,2.729891,310
HD 215456 b,5.45,HD 215456,370,2,5,2.802639,38
HD 215456 c,7.25,HD 215456,370,2,5,2.802639,38
HD 220773 b,10.87,HD 220773,385,2,5,2.807968,49
Kepler-207 b,1.57,Kepler-207,671,2,5,2.785934,
Kepler-207 c,1.5,Kepler-207,671,2,5,2.785934,
Kepler-207 d,3.3,Kepler-207,671,2,5,2.785934,
HAT-P-8 b,16.8,HAT-P-8,176,2,5,3.309563,230
HD 149143 b,11.76,HD 149143,274,2,5,2.391559,63
HD 16417 b,4.8,HD 16417,298,2,5,2.761089,25.5
KELT-6 b,13.33,KELT-6,555,2,5,3.105223,
Kepler-50 b,2.24,Kepler-50,922,2,5,3.363268,
Kepler-50 c,2.8,Kepler-50,922,2,5,3.363268,
Kepler-381 b,0.99,Kepler-381,862,2,5,3.167776,
Kepler-381 c,1.12,Kepler-381,862,2,5,3.167776,
HAT-P-13 b,14.34,HAT-P-13,130,2,5,2.206172,214
HAT-P-13 c,11.32,HAT-P-13,130,2,5,2.206172,214
HD 67087 b,11.57,HD 67087,469,2,5,3.460733,88.8
HD 67087 c,11.68,HD 67087,469,2,5,3.460733,88.8
Kepler-128 b,1.13,Kepler-128,582,2,5,2.817851,
Kepler-128 c,1.13,Kepler-128,582,2,5,2.817851,
Kepler-264 b,3.33,Kepler-264,734,2,5,3.099645,
Kepler-264 c,2.82,Kepler-264,734,2,5,3.099645,
XO-4 b,15.01,XO-4,1198,2,5,2.275373,293
HAT-P-2 b,10.65,HAT-P-2,136,2,5,3.6012,118
Kepler-313 b,2.53,Kepler-313,788,2,5,2.28897,
Kepler-313 c,2.56,Kepler-313,788,2,5,2.28897,
HAT-P-42 b,14.3,HAT-P-42,161,2,5,2.278725,447
HD 190984 b,11.58,HD 190984,337,2,5,2.700225,103
Kepler-92 b,3.52,Kepler-92,967,2,5,1.873887,
Kepler-92 c,2.61,Kepler-92,967,2,5,1.873887,
OGLE2-TR-L9 b,18.08,OGLE2-TR-L9,1049,2,5,4.852411,900
HD 23127 b,10.92,HD 23127,392,2,5,2.557145,89.1
Kepler-23 b,1.9,Kepler-23,696,2,5,2.281744,
Kepler-23 c,3.25,Kepler-23,696,2,5,2.281744,
HD 168443 b,11.66,HD 168443,305,2,5,1.998949,37.38
HD 168443 c,11.13,HD 168443,305,2,5,1.998949,37.38
HD 17156 b,12.26,HD 17156,313,2,5,2.786256,78.24
HATS-9 b,11.93,HATS-9,187,2,5,1.636574,622
HD 113337 b,11.53,HD 113337,219,2,5,3.77732,36.9
HD 149026 b,8.04,HD 149026,273,2,5,2.87069,78.9
HD 213240 b,11.68,HD 213240,368,2,5,2.572906,40.75
HR 8799 b,13.44,HR 8799,546,2,5,5.847799,39.4
HR 8799 c,14.56,HR 8799,546,2,5,5.847799,39.4
HR 8799 d,13.44,HR 8799,546,2,5,5.847799,39.4
HR 8799 e,11.61,HR 8799,546,2,5,5.847799,39.4
Kepler-60 b,2.24,Kepler-60,933,2,5,2.471106,
Kepler-60 c,2.46,Kepler-60,933,2,5,2.471106,
Kepler-60 d,2.58,Kepler-60,933,2,5,2.471106,
HD 190647 b,11.21,HD 190647,336,1,4,1.976963,54.2
HD 73526 b,11.54,HD 73526,479,1,4,1.944955,99
HD 73526 c,11.45,HD 73526,479,1,4,1.944955,99
Kepler-219 b,2.95,Kepler-219,684,1,4,2.232422,
Kepler-219 c,3.57,Kepler-219,684,1,4,2.232422,
Kepler-219 d,2.81,Kepler-219,684,1,4,2.232422,
Kepler-363 b,1.15,Kepler-363,842,1,4,1.949134,
Kepler-363 c,1.69,Kepler-363,842,1,4,1.949134,
Kepler-363 d,2.05,Kepler-363,842,1,4,1.949134,
Kepler-4 b,4,Kepler-4,882,1,4,2.334601,550
Kepler-8 b,15.89,Kepler-8,952,1,4,2.952112,1330
XO-3 b,13.63,XO-3,1197,1,4,4.211505,260
HD 103774 b,8.14,HD 103774,200,1,4,3.441323,55
HD 179079 b,5.04,HD 179079,320,1,4,2.109657,63.69
HD 28254 b,10.53,HD 28254,405,1,4,2.022582,56.2
KELT-3 b,14.93,KELT-3,554,1,4,3.112083,178
Kepler-12 b,18.98,Kepler-12,573,1,4,2.468106,
WASP-15 b,15.99,WASP-15,1107,1,4,3.08328,308
HAT-P-14 b,13.44,HAT-P-14,131,1,4,3.668747,205
KELT-1 b,12.5,KELT-1,552,1,4,3.49977,263
Kepler-117 b,7.81,Kepler-117,570,1,4,2.807913,
Kepler-117 c,11.29,Kepler-117,570,1,4,2.807913,
Kepler-147 b,1.52,Kepler-147,602,1,4,2.532798,
Kepler-147 c,2.43,Kepler-147,602,1,4,2.532798,
Kepler-312 b,1.29,Kepler-312,787,1,4,2.710881,
Kepler-312 c,3.15,Kepler-312,787,1,4,2.710881,
Kepler-342 b,2.25,Kepler-342,820,1,4,2.818853,
Kepler-342 c,1.96,Kepler-342,820,1,4,2.818853,
Kepler-342 d,2.49,Kepler-342,820,1,4,2.818853,
HAT-P-6 b,14.9,HAT-P-6,174,1,4,3.563338,200
HD 114729 b,9.94,HD 114729,223,1,4,1.965509,35
HD 141399 b,8.65,HD 141399,259,1,4,1.578537,36.17
HD 141399 c,10.78,HD 141399,259,1,4,1.578537,36.17
HD 141399 d,10.61,HD 141399,259,1,4,1.578537,36.17
HD 141399 e,9.54,HD 141399,259,1,4,1.578537,36.17
HD 38283 b,7.97,HD 38283,426,1,4,2.380579,37.7
Kepler-212 b,1.09,Kepler-212,677,1,4,2.242915,
Kepler-212 c,2.73,Kepler-212,677,1,4,2.242915,
Kepler-270 b,2,Kepler-270,741,1,4,2.591145,
Kepler-270 c,1.77,Kepler-270,741,1,4,2.591145,
HAT-P-34 b,12.4,HAT-P-34,152,1,4,3.385968,257
Kepler-116 b,3.42,Kepler-116,569,1,4,2.68451,
Kepler-116 c,2.3,Kepler-116,569,1,4,2.68451,
SWEEPS-11b,12.66,SWEEPS-11b,1072,1,4,1.4641,8500
CoRoT-3 b,11.31,CoRoT-3,69,1,4,3.441126,680
HAT-P-35 b,14.92,HAT-P-35,153,1,4,2.55137,535
WASP-103 b,17.11,WASP-103,1094,1,4,2.578479,470
WASP-33 b,16.11,WASP-33,1125,1,4,5.609849,116
Kepler-133 b,1.76,Kepler-133,587,1,4,1.986088,
Kepler-133 c,2.83,Kepler-133,587,1,4,1.986088,
Kepler-343 b,2.41,Kepler-343,821,1,4,2.086264,
Kepler-343 c,2.02,Kepler-343,821,1,4,2.086264,
WASP-7 b,14.9,WASP-7,1163,1,4,3.086709,140
HD 109271 b,4.42,HD 109271,215,1,4,2.01736,62
HD 109271 c,4.95,HD 109271,215,1,4,2.01736,62
Kepler-43 b,13.44,Kepler-43,901,1,4,2.409361,1950
HD 109749 b,11.09,HD 109749,216,1,4,1.744633,59
Kepler-107 b,1.56,Kepler-107,561,1,4,2.090492,
Kepler-107 c,1.8,Kepler-107,561,1,4,2.090492,
Kepler-107 d,1.06,Kepler-107,561,1,4,2.090492,
Kepler-107 e,3.45,Kepler-107,561,1,4,2.090492,
Kepler-410A b,2.84,Kepler-410A,891,1,4,2.946109,132
Kepler-65 b,1.42,Kepler-65,938,1,4,2.654447,
Kepler-65 c,2.58,Kepler-65,938,1,4,2.654447,
Kepler-65 d,1.51,Kepler-65,938,1,4,2.654447,
HAT-P-46 b,14.38,HAT-P-46,166,1,4,2.452824,296
HAT-P-46 c,11.26,HAT-P-46,166,1,4,2.452824,296
HATS-3 b,15.47,HATS-3,183,1,4,2.877349,453
HD 181720 b,8.16,HD 181720,326,1,4,1.960542,56
Kepler-419 b,9.52,Kepler-419,895,1,4,2.649098,
Kepler-419 c,11.67,Kepler-419,895,1,4,2.649098,
HAT-P-32 b,22.81,HAT-P-32,150,1,4,2.238398,320
HD 8673 b,11.33,HD 8673,502,1,4,3.041399,38.25
Kepler-39 b,13.66,Kepler-39,871,1,4,2.662054,1200
Kepler-6 b,14.82,Kepler-6,932,1,4,1.765287,
WASP-20 b,16.34,WASP-20,1113,1,4,2.178895,210
HD 11506 b,11.62,HD 11506,226,1,4,2.301257,53.82
HD 11506 c,9.89,HD 11506,226,1,4,2.301257,53.82
HD 195019 b,11.64,HD 195019,341,1,4,1.916293,37.36
HD 34445 b,9.82,HD 34445,422,1,4,1.982025,46.5
HD 50499 b,11.09,HD 50499,452,1,4,2.073218,47.26
Kepler-275 b,2.34,Kepler-275,746,1,4,2.4682,
Kepler-275 c,3.38,Kepler-275,746,1,4,2.4682,
Kepler-275 d,3.33,Kepler-275,746,1,4,2.4682,
Kepler-393 b,1.29,Kepler-393,875,1,4,2.506859,
Kepler-393 c,1.33,Kepler-393,875,1,4,2.506859,
WASP-1 b,16.62,WASP-1,1090,1,4,2.532052,
WASP-17 b,22.3,WASP-17,1109,1,4,3.341447,
HD 187085 b,9.71,HD 187085,329,1,4,2.280546,44.98
HD 8574 b,11.31,HD 8574,498,1,4,2.301152,44.2
CoRoT-11 b,16.02,CoRoT-11,52,1,4,2.686251,560
HAT-P-31 b,11.98,HAT-P-31,149,1,4,2.245385,354
HD 106515A b,11.59,HD 106515A,206,1,4,1.23904,35.2
HD 155358 b,9.96,HD 155358,285,1,4,1.990384,43
HD 155358 c,9.89,HD 155358,285,1,4,1.990384,43
HD 72659 b,11.58,HD 72659,476,1,4,2.046512,49.8
Kepler-126 b,1.52,Kepler-126,580,1,4,2.51436,
Kepler-126 c,1.58,Kepler-126,580,1,4,2.51436,
Kepler-126 d,2.5,Kepler-126,580,1,4,2.51436,
Kepler-127 b,1.4,Kepler-127,581,1,4,2.30672,
Kepler-127 c,2.65,Kepler-127,581,1,4,2.30672,
Kepler-127 d,2.64,Kepler-127,581,1,4,2.30672,
Kepler-143 b,2.41,Kepler-143,598,1,4,1.940873,
Kepler-143 c,3.37,Kepler-143,598,1,4,1.940873,
Kepler-25 b,2.71,Kepler-25,718,1,4,2.436297,
Kepler-25 c,5.2,Kepler-25,718,1,4,2.436297,
Kepler-25 d,7.56,Kepler-25,718,1,4,2.436297,
Kepler-348 b,1.52,Kepler-348,826,1,4,2.415896,
Kepler-348 c,1.33,Kepler-348,826,1,4,2.415896,
WASP-38 b,12.08,WASP-38,1130,1,4,2.391419,110
WASP-61 b,13.89,WASP-61,1154,1,4,2.53214,480
WASP-94 A b,19.26,WASP-94 A,1181,1,4,2.404963,
1RXS 1609 b,19.04,1RXS 1609,7,1,4,0.444285,145
HD 231701 b,10.41,HD 231701,393,1,4,2.428646,108.4
Kepler-104 b,3.1,Kepler-104,559,1,4,1.739426,
Kepler-104 c,3.12,Kepler-104,559,1,4,1.739426,
Kepler-104 d,3.57,Kepler-104,559,1,4,1.739426,
Kepler-136 b,2.05,Kepler-136,590,1,4,2.362054,
Kepler-136 c,1.99,Kepler-136,590,1,4,2.362054,
Kepler-214 b,2.61,Kepler-214,679,1,4,2.368189,
Kepler-214 c,2.13,Kepler-214,679,1,4,2.368189,
KOI-192 b,13.78,KOI-192,992,1,4,1.850416,1100
WASP-109 b,16.16,WASP-109,1098,1,4,2.937449,330
WASP-94 B b,9.31,WASP-94 B,1182,1,4,2.176231,
HD 153950 b,11.51,HD 153950,280,1,4,2.195688,49.6
Kepler-361 b,1.44,Kepler-361,840,1,4,2.333235,
Kepler-361 c,2.52,Kepler-361,840,1,4,2.333235,
OGLE-TR-132 b,13.78,OGLE-TR-132,1045,1,4,2.395885,1500
WASP-26 b,14.35,WASP-26,1119,1,4,2.019144,250
HAT-P-30-WASP-51 b,15.01,HAT-P-30-WASP-51,148,1,4,2.42166,193
HD 205739 b,10.79,HD 205739,354,1,4,2.308991,90.3
HD 24040 b,11.66,HD 24040,398,1,4,1.849663,46.51
HD 4203 b,11.16,HD 4203,437,1,4,1.676476,77.5
HD 4203 c,11.34,HD 4203,437,1,4,1.676476,77.5
HD 76700 b,11.09,HD 76700,485,1,4,1.706077,59.7
Kepler-350 b,1.85,Kepler-350,828,1,4,2.367869,
Kepler-350 c,3.1,Kepler-350,828,1,4,2.367869,
Kepler-350 d,2.8,Kepler-350,828,1,4,2.367869,
Kepler-356 b,1.57,Kepler-356,834,1,4,2.245355,
Kepler-356 c,1.8,Kepler-356,834,1,4,2.245355,
Kepler-401 b,1.71,Kepler-401,885,1,4,2.222016,
Kepler-401 c,2.15,Kepler-401,885,1,4,2.222016,
Kepler-403 b,1.25,Kepler-403,887,1,4,2.183043,
Kepler-403 c,1.75,Kepler-403,887,1,4,2.183043,
tau Boo b,11.87,tau Boo,1073,1,4,2.518188,15.6
HAT-P-24 b,13.91,HAT-P-24,141,1,4,2.567066,306
HAT-P-45 b,15.97,HAT-P-45,165,1,4,2.506076,305
HAT-P-9 b,15.68,HAT-P-9,177,1,4,2.541748,480
HD 44219 b,9.17,HD 44219,442,1,4,1.711249,50.43
OGLE-TR-56 b,13.44,OGLE-TR-56,1048,1,4,0.448934,1500
HD 132406 b,11.68,HD 132406,246,1,4,1.830276,71
Kepler-208 b,1.62,Kepler-208,672,1,4,2.120665,
Kepler-208 c,1.39,Kepler-208,672,1,4,2.120665,
Kepler-208 d,1.2,Kepler-208,672,1,4,2.120665,
Kepler-208 e,1.48,Kepler-208,672,1,4,2.120665,
Kepler-379 b,1.66,Kepler-379,859,1,4,2.068246,
Kepler-379 c,2.28,Kepler-379,859,1,4,2.068246,
WASP-14 b,14.35,WASP-14,1106,1,4,2.689895,160
WASP-3 b,16.28,WASP-3,1122,1,4,2.583166,223
Kepler-139 b,2.93,Kepler-139,593,1,4,1.484795,
Kepler-139 c,3.38,Kepler-139,593,1,4,1.484795,
Kepler-256 b,1.59,Kepler-256,725,1,4,1.439665,
Kepler-256 c,2.15,Kepler-256,725,1,4,1.439665,
Kepler-256 d,2.48,Kepler-256,725,1,4,1.439665,
Kepler-256 e,2.35,Kepler-256,725,1,4,1.439665,
Kepler-336 b,1.02,Kepler-336,813,1,4,1.796557,
Kepler-336 c,2.09,Kepler-336,813,1,4,1.796557,
Kepler-336 d,2.36,Kepler-336,813,1,4,1.796557,
KIC-5522786 b,1.23,KIC-5522786,977,1,4,8.762809,
HAT-P-23 b,15.32,HAT-P-23,140,1,4,1.838779,393
HD 196050 b,11.53,HD 196050,342,1,4,1.777482,46.9
Kepler-140 b,1.61,Kepler-140,595,1,4,2.036227,
Kepler-140 c,1.8,Kepler-140,595,1,4,2.036227,
Kepler-187 b,1.41,Kepler-187,649,1,4,2.074016,
Kepler-187 c,2.67,Kepler-187,649,1,4,2.074016,
Kepler-412 b,14.84,Kepler-412,892,1,4,1.624495,1056
WASP-101 b,15.79,WASP-101,1093,1,4,2.504893,
WASP-65 b,12.45,WASP-65,1158,1,4,1.454532,310
GJ 504 b,11.66,GJ 504,108,1,4,2.193053,17.56
Kepler-364 b,1.55,Kepler-364,843,1,4,2.046001,
Kepler-364 c,2.15,Kepler-364,843,1,4,2.046001,
WASP-62 b,15.57,WASP-62,1155,1,4,2.21443,160
51 Peg b,11.54,51 Peg,21,1,4,1.619464,14.7
HD 102117 b,6.48,HD 102117,192,1,4,1.49776,42
HD 154672 b,11.68,HD 154672,283,1,4,1.542617,65.8
HD 217786 b,11.4,HD 217786,378,1,4,1.833286,54.8
HD 45350 b,11.14,HD 45350,444,1,4,1.586269,49
Kepler-135 b,1.8,Kepler-135,589,1,4,1.990519,
Kepler-135 c,1.15,Kepler-135,589,1,4,1.990519,
Kepler-142 b,1.99,Kepler-142,597,1,4,1.626341,
Kepler-142 c,2.86,Kepler-142,597,1,4,1.626341,
Kepler-142 d,2.16,Kepler-142,597,1,4,1.626341,
Kepler-268 b,2.54,Kepler-268,738,1,4,1.978779,
Kepler-268 c,3.38,Kepler-268,738,1,4,1.978779,
Kepler-279 b,3.62,Kepler-279,750,1,4,2.683133,
Kepler-279 c,4.31,Kepler-279,750,1,4,2.683133,
Kepler-279 d,3.1,Kepler-279,750,1,4,2.683133,
KIC-6185331 b,8.06,KIC-6185331,979,1,4,1.442559,
Kepler-123 b,2.93,Kepler-123,577,1,4,1.95801,
Kepler-123 c,1.48,Kepler-123,577,1,4,1.95801,
Kepler-216 b,2.35,Kepler-216,681,1,4,1.960583,
Kepler-216 c,3.04,Kepler-216,681,1,4,1.960583,
Kepler-402 b,1.22,Kepler-402,886,1,4,1.959296,
Kepler-402 c,1.56,Kepler-402,886,1,4,1.959296,
Kepler-402 d,1.38,Kepler-402,886,1,4,1.959296,
Kepler-402 e,1.46,Kepler-402,886,1,4,1.959296,
HD 134987 b,10.99,HD 134987,251,1,4,1.5218,22.2
HD 134987 c,9.89,HD 134987,251,1,4,1.5218,22.2
HD 52265 b,10.36,HD 52265,455,1,4,2.017208,28
HD 52265 c,8.04,HD 52265,455,1,4,2.017208,28
HD 75289 b,11.54,HD 75289,483,1,4,1.966598,28.94
mu Ara b,11.06,mu Ara,1019,1,4,1.468006,15.3
mu Ara c,3.76,mu Ara,1019,1,4,1.468006,15.3
mu Ara d,8.94,mu Ara,1019,1,4,1.468006,15.3
mu Ara e,11.15,mu Ara,1019,1,4,1.468006,15.3
47 Uma b,11.46,47 Uma,20,1,4,1.662586,13.97
47 Uma c,9.01,47 Uma,20,1,4,1.662586,13.97
47 Uma d,11.03,47 Uma,20,1,4,1.662586,13.97
HAT-P-16 b,14.44,HAT-P-16,133,1,4,1.974186,235
HD 114762 b,11.52,HD 114762,224,1,4,1.710501,39.46
Kepler-144 b,1.33,Kepler-144,599,1,4,1.878963,
Kepler-144 c,1.34,Kepler-144,599,1,4,1.878963,
Kepler-204 b,2.53,Kepler-204,668,1,4,1.574112,
Kepler-204 c,1.79,Kepler-204,668,1,4,1.574112,
Kepler-422 b,12.88,Kepler-422,898,1,4,1.754739,
Kepler-68 b,2.3,Kepler-68,941,1,4,1.561156,135
Kepler-68 c,0.91,Kepler-68,941,1,4,1.561156,135
Kepler-68 d,10.17,Kepler-68,941,1,4,1.561156,135
WASP-31 b,17.21,WASP-31,1123,1,4,2.038449,400
30 Ari B b,11.58,30 Ari B,17,1,4,2.399231,39.4
HD 13931 b,11.19,HD 13931,256,1,4,1.567026,44.2
HD 212301 b,11.98,HD 212301,366,1,4,1.736286,52.7
Kepler-201 b,2.45,Kepler-201,665,1,4,1.836637,
Kepler-201 c,2.84,Kepler-201,665,1,4,1.836637,
PZ Tel b,8.81,PZ Tel,1061,1,4,1.102083,51.49
WASP-18 b,13.05,WASP-18,1110,1,4,2.277298,100
HAT-P-29 b,12.4,HAT-P-29,146,1,4,1.845295,322
HD 108147 b,7.38,HD 108147,210,1,4,1.809279,38.57
HD 108874 b,10.78,HD 108874,213,1,4,1.141393,68.5
HD 108874 c,10.3,HD 108874,213,1,4,1.141393,68.5
HD 170469 b,9.48,HD 170469,309,1,4,1.521647,64.97
HD 86081 b,12.1,HD 86081,499,1,4,1.763204,91
Kepler-122 b,2.34,Kepler-122,576,1,4,1.789085,
Kepler-122 c,5.87,Kepler-122,576,1,4,1.789085,
Kepler-122 d,2.2,Kepler-122,576,1,4,1.789085,
Kepler-122 e,2.6,Kepler-122,576,1,4,1.789085,
Kepler-302 b,4.05,Kepler-302,776,1,4,1.44963,
Kepler-302 c,12.44,Kepler-302,776,1,4,1.44963,
Kepler-31 b,4.26,Kepler-31,784,1,4,2.157578,
Kepler-31 c,4.26,Kepler-31,784,1,4,2.157578,
Kepler-31 d,4.56,Kepler-31,784,1,4,2.157578,
Kepler-377 b,1.39,Kepler-377,857,1,4,1.672574,
Kepler-377 c,2.06,Kepler-377,857,1,4,1.672574,
Kepler-380 b,1.19,Kepler-380,861,1,4,1.783179,
Kepler-380 c,1.27,Kepler-380,861,1,4,1.783179,
WASP-108 b,13.61,WASP-108,1097,1,4,1.716514,220
WASP-70A b,13.04,WASP-70A,1164,1,4,1.460955,245
CoRoT-14 b,12.21,CoRoT-14,55,1,4,1.742487,1340
HAT-P-53 b,14.76,HAT-P-53,172,1,4,1.650294,719
HD 10180 c,4.04,HD 10180,190,1,4,1.581221,39.4
HD 10180 d,3.89,HD 10180,190,1,4,1.581221,39.4
HD 10180 e,5.02,HD 10180,190,1,4,1.581221,39.4
HD 10180 f,4.94,HD 10180,190,1,4,1.581221,39.4
HD 10180 g,4.76,HD 10180,190,1,4,1.581221,39.4
HD 10180 h,6.83,HD 10180,190,1,4,1.581221,39.4
HD 148156 b,9.96,HD 148156,271,1,4,2.079828,53.05
HD 183263 b,11.64,HD 183263,327,1,4,1.578817,53
HD 183263 c,11.65,HD 183263,327,1,4,1.578817,53
HD 2039 b,11.68,HD 2039,351,1,4,1.643056,89.8
HD 20782 b,11.21,HD 20782,357,1,4,1.262082,36.02
HD 40979 b,11.6,HD 40979,433,1,4,1.947277,33.3
Kepler-115 b,1.09,Kepler-115,568,1,4,1.678707,
Kepler-115 c,2.6,Kepler-115,568,1,4,1.678707,
Kepler-146 b,3.71,Kepler-146,601,1,4,1.644161,
Kepler-146 c,3.12,Kepler-146,601,1,4,1.644161,
HD 190360 b,10.92,HD 190360,335,1,4,1.259731,15.89
HD 190360 c,4.5,HD 190360,335,1,4,1.259731,15.89
HD 209458 b,15.46,HD 209458,362,1,4,1.788384,47
HD 33283 b,11.09,HD 33283,429,1,4,1.668819,86
Kepler-213 b,1.62,Kepler-213,678,1,4,1.359979,
Kepler-213 c,2.34,Kepler-213,678,1,4,1.359979,
Kepler-90 b,1.31,Kepler-90,965,1,4,1.597611,
Kepler-90 c,1.19,Kepler-90,965,1,4,1.597611,
Kepler-90 d,2.88,Kepler-90,965,1,4,1.597611,
Kepler-90 e,2.67,Kepler-90,965,1,4,1.597611,
Kepler-90 f,2.89,Kepler-90,965,1,4,1.597611,
Kepler-90 g,8.12,Kepler-90,965,1,4,1.597611,
Kepler-90 h,11.31,Kepler-90,965,1,4,1.597611,
CoRoT-16 b,13.1,CoRoT-16,56,1,4,1.294725,840
CoRoT-25 b,12.1,CoRoT-25,66,1,4,1.690953,1000
CoRoT-5 b,14.9,CoRoT-5,71,1,4,1.747345,400
HAT-P-41 b,18.87,HAT-P-41,160,1,4,2.238802,344
HD 107148 b,6.9,HD 107148,209,1,4,1.432962,51.3
HD 117618 b,6.55,HD 117618,229,1,4,1.499238,38
HD 117618 c,6.8,HD 117618,229,1,4,1.499238,38
HD 179949 b,11.76,HD 179949,321,1,4,1.951107,27
HD 8535 b,9.51,HD 8535,495,1,4,1.801048,52.5
HD 93385 b,1.9,HD 93385,510,1,4,1.565398,42.2
HD 93385 c,3.71,HD 93385,510,1,4,1.565398,42.2
Kepler-206 b,1.2,Kepler-206,670,1,4,1.402425,
Kepler-206 c,1.77,Kepler-206,670,1,4,1.402425,
Kepler-206 d,1.19,Kepler-206,670,1,4,1.402425,
Kepler-311 b,1.7,Kepler-311,786,1,4,1.544768,
Kepler-311 c,1.43,Kepler-311,786,1,4,1.544768,
Kepler-318 b,4.7,Kepler-318,793,1,4,1.384989,
Kepler-318 c,3.67,Kepler-318,793,1,4,1.384989,
Kepler-321 b,1.77,Kepler-321,797,1,4,1.379213,
Kepler-321 c,2.32,Kepler-321,797,1,4,1.379213,
HD 134060 b,3.83,HD 134060,249,1,4,1.554643,24.2
HD 134060 c,6.21,HD 134060,249,1,4,1.554643,24.2
HD 20367 b,10.39,HD 20367,350,1,4,1.761688,27
HD 25171 b,10.17,HD 25171,399,1,4,1.798775,55
Kepler-132 b,1.21,Kepler-132,586,1,4,1.622285,
Kepler-132 c,1.28,Kepler-132,586,1,4,1.622285,
Kepler-132 d,1.55,Kepler-132,586,1,4,1.622285,
Kepler-134 b,1.99,Kepler-134,588,1,4,1.600774,
Kepler-134 c,1.25,Kepler-134,588,1,4,1.600774,
Kepler-323 b,1.43,Kepler-323,799,1,4,1.605059,
Kepler-323 c,1.62,Kepler-323,799,1,4,1.605059,
Kepler-376 b,1.06,Kepler-376,856,1,4,1.513777,
Kepler-376 c,1.79,Kepler-376,856,1,4,1.513777,
SWEEPS-04b,9.07,SWEEPS-04b,1071,1,4,2.364214,8500
WASP-13 b,15.29,WASP-13,1105,1,4,1.439624,156
HAT-P-1 b,14.77,HAT-P-1,126,1,4,1.58136,139
HD 100777 b,10.53,HD 100777,189,1,4,1.183771,52.8
HD 121504 b,10.61,HD 121504,234,1,4,1.652642,44.37
HD 187123 b,8.93,HD 187123,330,1,4,1.30925,50
HD 187123 c,11.25,HD 187123,330,1,4,1.30925,50
Pr0201 c,9.01,Pr0201,1057,1,4,1.775407,
WASP-117 b,11.44,WASP-117,1103,1,4,1.634591,
WASP-58 b,15.34,WASP-58,1150,1,4,1.389868,300
HD 66428 b,11.53,HD 66428,468,1,4,1.32046,55
HD 9578 b,9.31,HD 9578,515,1,4,1.483882,57.24
Kepler-105 c,1.61,Kepler-105,560,1,4,1.436302,
Kepler-111 b,1.58,Kepler-111,565,1,4,1.515156,
Kepler-111 c,7.29,Kepler-111,565,1,4,1.515156,
Kepler-289 b,2.43,Kepler-289,761,1,4,1.492879,
Kepler-289 c,13.03,Kepler-289,761,1,4,1.492879,
KOI-206 b,7.84,KOI-206,994,1,4,1.339091,
KOI-680 b,7.28,KOI-680,999,1,4,1.628157,
OGLE-TR-10 b,19.26,OGLE-TR-10,1042,1,4,1.644337,1500
CoRoT-4 b,13.33,CoRoT-4,70,1,4,1.742,
HD 208487 b,8.41,HD 208487,360,1,4,1.466261,45
HD 222582 b,11.66,HD 222582,388,1,4,1.219453,42
HD 79498 b,10.76,HD 79498,488,1,4,1.283489,49
Kepler-110 b,1.83,Kepler-110,564,1,4,1.497168,
Kepler-110 c,2.21,Kepler-110,564,1,4,1.497168,
Kepler-164 b,1.41,Kepler-164,621,1,4,1.426122,
Kepler-164 c,2.73,Kepler-164,621,1,4,1.426122,
Kepler-164 d,2.45,Kepler-164,621,1,4,1.426122,
Kepler-182 b,2.58,Kepler-182,644,1,4,1.810529,
Kepler-182 c,3.43,Kepler-182,644,1,4,1.810529,
Kepler-193 b,2.39,Kepler-193,656,1,4,1.91105,
Kepler-193 c,2.74,Kepler-193,656,1,4,1.91105,
Kepler-400 b,1.65,Kepler-400,884,1,4,1.424185,
Kepler-400 c,1.49,Kepler-400,884,1,4,1.424185,
WASP-24 b,14.56,WASP-24,1117,1,4,1.607688,330
WASP-4 b,15.62,WASP-4,1132,1,4,1.085766,300
WASP-47 b,12.88,WASP-47,1139,1,4,1.008929,200
WTS-1 b,16.69,WTS-1,1192,1,4,1.810529,3200
CoRoT-22 b,4.88,CoRoT-22,63,1,4,1.440456,592
HAT-P-5 b,14.02,HAT-P-5,168,1,4,1.46351,340
HD 145377 b,11.68,HD 145377,265,1,4,1.558017,57.7
HD 178911 B b,11.68,HD 178911 B,319,1,4,1.18821,46.73
HD 197037 b,9.82,HD 197037,345,1,4,1.648268,33
HD 68988 b,11.21,HD 68988,471,1,4,1.289732,58
HD 96700 b,1.93,HD 96700,519,1,4,1.433771,25.6
HD 96700 c,4,HD 96700,519,1,4,1.433771,25.6
Kepler-188 b,1.68,Kepler-188,650,1,4,1.532407,
Kepler-188 c,3.19,Kepler-188,650,1,4,1.532407,
Kepler-372 b,1.36,Kepler-372,852,1,4,2.092939,
Kepler-372 c,2.08,Kepler-372,852,1,4,2.092939,
Kepler-372 d,1.69,Kepler-372,852,1,4,2.092939,
OGLE-TR-182 b,16.46,OGLE-TR-182,1046,1,4,1.436018,
WASP-60 b,10.08,WASP-60,1153,1,4,1.412888,400
HD 23079 b,11.45,HD 23079,391,1,4,1.339912,34.8
HD 4113 b,10.97,HD 4113,436,1,4,1.188243,44
Kepler-130 b,1.02,Kepler-130,585,1,4,1.373212,
Kepler-130 d,1.64,Kepler-130,585,1,4,1.373212,
Kepler-385 b,2.73,Kepler-385,866,1,4,1.834694,
Kepler-385 c,3.04,Kepler-385,866,1,4,1.834694,
Kepler-392 b,1,Kepler-392,874,1,4,1.42432,
Kepler-392 c,1.1,Kepler-392,874,1,4,1.42432,
Kepler-394 b,1.6,Kepler-394,876,1,4,1.924463,
Kepler-394 c,1.66,Kepler-394,876,1,4,1.924463,
KOI-1257 A b,10.53,KOI-1257 A,987,1,4,1.063661,900
WASP-22 b,12.97,WASP-22,1115,1,4,1.484745,300
WASP-95 b,13.55,WASP-95,1183,1,4,1.151013,
CoRoT-12 b,16.13,CoRoT-12,53,1,4,1.158995,1150
HD 12661 b,11.39,HD 12661,239,1,4,1.223429,37.16
HD 12661 c,10.98,HD 12661,239,1,4,1.223429,37.16
HD 168746 b,7.1,HD 168746,306,1,4,1.11475,43.12
HD 204313 b,11.63,HD 204313,352,1,4,1.244534,47.37
HD 204313 c,4.42,HD 204313,352,1,4,1.244534,47.37
HD 204313 d,11.06,HD 204313,352,1,4,1.244534,47.37
HD 30177 b,11.66,HD 30177,411,1,4,0.901514,55
HD 82943 b,11.68,HD 82943,493,1,4,1.339867,27.46
HD 82943 c,11.68,HD 82943,493,1,4,1.339867,27.46
HD 82943 d,7.61,HD 82943,493,1,4,1.339867,27.46
Kepler-197 b,1.02,Kepler-197,660,1,4,1.462476,
Kepler-197 c,1.23,Kepler-197,660,1,4,1.462476,
Kepler-197 d,1.22,Kepler-197,660,1,4,1.462476,
Kepler-197 e,0.91,Kepler-197,660,1,4,1.462476,
Kepler-76 b,14,Kepler-76,948,1,4,1.772915,
CoRoT-1 b,16.69,CoRoT-1,50,1,4,1.739188,460
HD 50554 b,11.68,HD 50554,453,1,4,1.341321,31.03
Kepler-168 b,1.46,Kepler-168,625,1,4,1.721582,
Kepler-168 c,2.69,Kepler-168,625,1,4,1.721582,
Kepler-18 b,2,Kepler-18,640,1,4,0.924841,
Kepler-18 c,5.48,Kepler-18,640,1,4,0.924841,
Kepler-18 d,6.96,Kepler-18,640,1,4,0.924841,
Kepler-203 b,2.56,Kepler-203,667,1,4,1.269189,
Kepler-203 c,2.46,Kepler-203,667,1,4,1.269189,
Kepler-203 d,1.43,Kepler-203,667,1,4,1.269189,
Kepler-234 b,3.7,Kepler-234,701,1,4,1.658877,
Kepler-234 c,3.51,Kepler-234,701,1,4,1.658877,
Kepler-320 b,1.14,Kepler-320,796,1,4,1.895527,
Kepler-320 c,1.37,Kepler-320,796,1,4,1.895527,
WASP-32 b,13.22,WASP-32,1124,1,4,1.530577,
HAT-P-21 b,11.47,HAT-P-21,138,1,4,1.068169,254
HAT-P-28 b,13.57,HAT-P-28,145,1,4,1.136146,395
HAT-P-36 b,14.16,HAT-P-36,154,1,4,1.044835,317
HAT-P-43 b,14.37,HAT-P-43,162,1,4,1.110411,543
HATS-10 b,10.85,HATS-10,179,1,4,1.309555,496
HD 10647 b,10.14,HD 10647,205,1,4,1.443894,17.3
HD 152079 b,11.56,HD 152079,278,1,4,1.344539,85.17
HD 188015 b,10.66,HD 188015,332,1,4,1.007933,52.6
HD 210277 b,10.62,HD 210277,363,1,4,1.016726,21.29
HD 216437 b,11.16,HD 216437,373,1,4,1.095366,26.5
HD 220689 b,10.37,HD 220689,384,1,4,1.351045,44.6
HD 33564 b,11.61,HD 33564,421,1,4,1.656514,20.98
HD 99109 b,8.85,HD 99109,523,1,4,0.830827,60.5
Kepler-11 b,1.8,Kepler-11,563,1,4,1.129974,
Kepler-11 c,2.87,Kepler-11,563,1,4,1.129974,
Kepler-11 d,3.12,Kepler-11,563,1,4,1.129974,
Kepler-11 e,4.19,Kepler-11,563,1,4,1.129974,
Kepler-11 f,2.49,Kepler-11,563,1,4,1.129974,
Kepler-11 g,3.67,Kepler-11,563,1,4,1.129974,
Kepler-265 b,1.86,Kepler-265,735,1,4,1.258458,
Kepler-265 c,2.63,Kepler-265,735,1,4,1.258458,
Kepler-265 d,2.49,Kepler-265,735,1,4,1.258458,
Kepler-265 e,2.59,Kepler-265,735,1,4,1.258458,
Kepler-34(AB)  b,8.55,Kepler-34(AB),817,1,4,1.32711,1499
Kepler-79 b,3.47,Kepler-79,951,1,4,1.827055,
Kepler-79 c,3.72,Kepler-79,951,1,4,1.827055,
Kepler-79 d,7.17,Kepler-79,951,1,4,1.827055,
Kepler-79 e,3.49,Kepler-79,951,1,4,1.827055,
Kepler-9 b,11.09,Kepler-9,964,1,4,1.163769,
Kepler-9 c,10.69,Kepler-9,964,1,4,1.163769,
Kepler-9 d,2,Kepler-9,964,1,4,1.163769,
beta Pic b,18.48,beta Pic,45,1,4,9.707662,19.3
HD 106252 b,11.66,HD 106252,203,1,4,1.168483,37.44
HD 117207 b,11.29,HD 117207,228,1,4,0.928073,33
HD 126614 b,8.22,HD 126614,240,1,4,1.037136,72.4
HD 1461 b,1.85,HD 1461,268,1,4,1.188271,23.4
HD 1461 c,1.73,HD 1461,268,1,4,1.188271,23.4
HD 221287 b,11.58,HD 221287,386,1,4,1.67075,52.9
HD 31527 b,3.87,HD 31527,416,1,4,1.321827,38.6
HD 31527 c,4.3,HD 31527,416,1,4,1.321827,38.6
HD 31527 d,4.36,HD 31527,416,1,4,1.321827,38.6
Kepler-118 b,1.96,Kepler-118,571,1,4,0.824714,
Kepler-118 c,7.67,Kepler-118,571,1,4,0.824714,
Kepler-227 b,3.1,Kepler-227,693,1,4,1.251854,
Kepler-227 c,3.04,Kepler-227,693,1,4,1.251854,
Kepler-288 b,1.67,Kepler-288,760,1,4,1.307503,
Kepler-288 c,2.84,Kepler-288,760,1,4,1.307503,
Kepler-288 d,2.67,Kepler-288,760,1,4,1.307503,
Kepler-359 b,3.53,Kepler-359,837,1,4,1.624452,
Kepler-359 c,4.3,Kepler-359,837,1,4,1.624452,
Kepler-359 d,4.01,Kepler-359,837,1,4,1.624452,
Kepler-418 b,13.44,Kepler-418,894,1,4,1.232016,
KOI-1089.02 b,7,KOI-1089.02,986,1,4,1.232016,
WASP-28 b,13.59,WASP-28,1120,1,4,1.53612,410
CoRoT-27 b,11.28,CoRoT-27,68,1,4,1.268076,
HAT-P-15 b,12.01,HAT-P-15,132,1,4,1.005852,190
HD 154088 b,1.75,HD 154088,281,1,4,0.732555,17.8
HD 217107 b,10.74,HD 217107,377,1,4,1.078558,19.72
HD 217107 c,11.45,HD 217107,377,1,4,1.078558,19.72
Kepler-172 b,2.35,Kepler-172,631,1,4,0.975845,
Kepler-172 c,2.86,Kepler-172,631,1,4,0.975845,
Kepler-172 d,2.25,Kepler-172,631,1,4,0.975845,
Kepler-172 e,2.76,Kepler-172,631,1,4,0.975845,
WASP-5 b,13.12,WASP-5,1142,1,4,1.112879,297
HD 159243 b,10.48,HD 159243,291,1,4,1.446146,69.2
HD 159243 c,11.21,HD 159243,291,1,4,1.446146,69.2
Kepler-178 b,2.9,Kepler-178,638,1,4,1.066171,
Kepler-178 c,2.88,Kepler-178,638,1,4,1.066171,
Kepler-178 d,3.94,Kepler-178,638,1,4,1.066171,
Kepler-24 b,2.35,Kepler-24,707,1,4,1.162437,
Kepler-24 c,2.8,Kepler-24,707,1,4,1.162437,
Kepler-334 b,1.12,Kepler-334,811,1,4,1.185047,
Kepler-334 c,1.43,Kepler-334,811,1,4,1.185047,
Kepler-334 d,1.41,Kepler-334,811,1,4,1.185047,
Kepler-355 b,1.46,Kepler-355,833,1,4,1.502226,
Kepler-355 c,2.71,Kepler-355,833,1,4,1.502226,
WASP-75 b,14.22,WASP-75,1168,1,4,1.425433,260
HD 141937 b,11.58,HD 141937,260,1,4,1.242381,33.46
HD 164509 b,8.75,HD 164509,299,1,4,1.239867,52
Kepler-10 b,1.47,Kepler-10,557,1,4,1.080252,173
Kepler-10 c,2.35,Kepler-10,557,1,4,1.080252,173
Kepler-180 b,1.5,Kepler-180,641,1,4,1.087485,
Kepler-180 c,3.01,Kepler-180,641,1,4,1.087485,
Kepler-218 b,1.48,Kepler-218,683,1,4,0.923813,
Kepler-218 c,3.14,Kepler-218,683,1,4,0.923813,
Kepler-360 b,1.65,Kepler-360,839,1,4,1.353269,
Kepler-360 c,2.09,Kepler-360,839,1,4,1.353269,
WASP-21 b,13.55,WASP-21,1114,1,4,1.140811,230
WASP-55 b,14.56,WASP-55,1147,1,4,1.221546,330
WASP-97 b,12.66,WASP-97,1185,1,4,1.020042,
XO-5 b,11.54,XO-5,1199,1,4,0.929197,255
HD 125612 b,11.56,HD 125612,237,1,4,1.19617,52.82
HD 125612 c,4.53,HD 125612,237,1,4,1.19617,52.82
HD 125612 d,11.67,HD 125612,237,1,4,1.19617,52.82
HD 284149 b,10.18,HD 284149,406,1,4,1.319637,108.2
HD 89307 b,11.26,HD 89307,505,1,4,1.239756,30.9
Kepler-17 b,14.69,Kepler-17,627,1,4,1.104791,800
Kepler-365 b,2.04,Kepler-365,844,1,4,1.292244,
Kepler-365 c,1.64,Kepler-365,844,1,4,1.292244,
Kepler-366 b,1.46,Kepler-366,845,1,4,1.470128,
Kepler-366 c,1.79,Kepler-366,845,1,4,1.470128,
Kepler-387 b,1.03,Kepler-387,868,1,4,1.09945,
Kepler-387 c,0.88,Kepler-387,868,1,4,1.09945,
WASP-96 b,13.44,WASP-96,1184,1,4,0.931767,
HAT-P-22 b,12.1,HAT-P-22,139,1,4,0.766859,82
HAT-P-51 b,14.48,HAT-P-51,170,1,4,0.857153,470
HATS-1 b,14.58,HATS-1,178,1,4,1.147722,303
HD 129445 b,11,HD 129445,242,1,4,1.202325,67.61
HD 171238 b,11.48,HD 171238,312,1,4,0.860579,50.28
HD 41004 A b,11.46,HD 41004 A,434,1,4,0.620552,42.5
HD 73267 b,11.57,HD 73267,478,1,4,0.775574,54.91
HD 83443 b,11.65,HD 83443,494,1,4,0.862436,43.54
Kepler-157 b,1.32,Kepler-157,613,1,4,1.078608,
Kepler-157 c,2.24,Kepler-157,613,1,4,1.078608,
Kepler-257 b,2.61,Kepler-257,726,1,4,0.698676,
Kepler-257 c,5.41,Kepler-257,726,1,4,0.698676,
Kepler-257 d,4.95,Kepler-257,726,1,4,0.698676,
Kepler-315 b,3.76,Kepler-315,790,1,4,1.095141,
Kepler-315 c,4.14,Kepler-315,790,1,4,1.095141,
Kepler-396 b,3.47,Kepler-396,878,1,4,0.815411,
Kepler-396 c,5.26,Kepler-396,878,1,4,0.815411,
HD 142415 b,11.02,HD 142415,263,1,4,1.102631,34.2
HD 28185 b,11.68,HD 28185,404,1,4,0.859647,39.4
HD 45184 b,4,HD 45184,443,1,4,1.182737,21.9
HN Peg b,12.32,HN Peg,543,1,4,1.173912,18.4
Kepler-170 b,3.19,Kepler-170,628,1,4,0.990038,
Kepler-170 c,2.86,Kepler-170,628,1,4,0.990038,
Kepler-215 b,1.62,Kepler-215,680,1,4,1.032545,
Kepler-215 c,1.77,Kepler-215,680,1,4,1.032545,
Kepler-215 d,2.39,Kepler-215,680,1,4,1.032545,
Kepler-215 e,1.75,Kepler-215,680,1,4,1.032545,
Kepler-266 b,2.48,Kepler-266,736,1,4,1.141695,
Kepler-266 c,3.89,Kepler-266,736,1,4,1.141695,
Kepler-287 b,2.33,Kepler-287,759,1,4,1.081614,
Kepler-287 c,3.26,Kepler-287,759,1,4,1.081614,
Kepler-299 b,1.32,Kepler-299,772,1,4,0.947506,
Kepler-299 c,2.64,Kepler-299,772,1,4,0.947506,
Kepler-299 d,1.86,Kepler-299,772,1,4,0.947506,
Kepler-299 e,1.87,Kepler-299,772,1,4,0.947506,
Kepler-307 b,3.2,Kepler-307,781,1,4,0.836673,
Kepler-307 c,2.8,Kepler-307,781,1,4,0.836673,
Kepler-447 b,18.48,Kepler-447,915,1,4,0.866568,
Kepler-58 b,2.8,Kepler-58,930,1,4,1.10945,
Kepler-58 c,2.91,Kepler-58,930,1,4,1.10945,
Kepler-58 d,2.93,Kepler-58,930,1,4,1.10945,
Kepler-84 b,2.2,Kepler-84,958,1,4,1.258094,
Kepler-84 c,2.4,Kepler-84,958,1,4,1.258094,
Kepler-84 d,1.38,Kepler-84,958,1,4,1.258094,
Kepler-84 e,2.6,Kepler-84,958,1,4,1.258094,
Kepler-84 f,2.2,Kepler-84,958,1,4,1.258094,
CoRoT-6 b,13.06,CoRoT-6,72,1,4,1.296602,
HD 109246 b,9.77,HD 109246,214,1,4,1.088757,65.6
HD 202206 b,11.12,HD 202206,349,1,4,1.020379,46.34
HD 202206 c,11.43,HD 202206,349,1,4,1.020379,46.34
HD 51608 b,4.04,HD 51608,454,1,4,0.647379,34.8
HD 51608 c,4.49,HD 51608,454,1,4,0.647379,34.8
HD 6718 b,10.97,HD 6718,470,1,4,1.016835,55.9
HD 95086 b,11.68,HD 95086,512,1,4,8.478848,90.4
Kepler-194 b,1.51,Kepler-194,657,1,4,1.28314,
Kepler-194 c,2.59,Kepler-194,657,1,4,1.28314,
Kepler-194 d,2.4,Kepler-194,657,1,4,1.28314,
Kepler-223 b,1.69,Kepler-223,689,1,4,1.077622,
Kepler-223 c,1.99,Kepler-223,689,1,4,1.077622,
Kepler-223 d,2.98,Kepler-223,689,1,4,1.077622,
Kepler-223 e,2.4,Kepler-223,689,1,4,1.077622,
Kepler-291 b,2.16,Kepler-291,764,1,4,1.211362,
Kepler-291 c,1.88,Kepler-291,764,1,4,1.211362,
Kepler-341 b,1.18,Kepler-341,819,1,4,1.219456,
Kepler-341 c,1.7,Kepler-341,819,1,4,1.219456,
Kepler-341 d,1.85,Kepler-341,819,1,4,1.219456,
Kepler-341 e,1.99,Kepler-341,819,1,4,1.219456,
Kepler-346 b,2.65,Kepler-346,824,1,4,1.236584,
Kepler-346 c,3.07,Kepler-346,824,1,4,1.236584,
XO-2S b,7.36,XO-2S,1196,1,4,0.793128,149
XO-2S c,10.79,XO-2S,1196,1,4,0.793128,149
CoRoT-13 b,9.91,CoRoT-13,54,1,4,1.143247,1310
HD 47186 b,4.86,HD 47186,448,1,4,0.946024,37.84
HD 47186 c,8.04,HD 47186,448,1,4,0.946024,37.84
HD 564 b,7.9,HD 564,458,1,4,0,54
HD 7449 b,10.45,HD 7449,482,1,4,1.205237,39
HD 7449 c,11.26,HD 7449,482,1,4,1.205237,39
Kepler-175 b,2.55,Kepler-175,634,1,4,1.237569,
Kepler-175 c,3.1,Kepler-175,634,1,4,1.237569,
Kepler-192 b,2.73,Kepler-192,655,1,4,0.824779,
Kepler-192 c,2.79,Kepler-192,655,1,4,0.824779,
Kepler-228 b,1.52,Kepler-228,694,1,4,1.220515,
Kepler-228 c,2.7,Kepler-228,694,1,4,1.220515,
Kepler-228 d,4.03,Kepler-228,694,1,4,1.220515,
Kepler-274 b,1.53,Kepler-274,745,1,4,1.204437,
Kepler-274 c,1.84,Kepler-274,745,1,4,1.204437,
Kepler-282 b,1.01,Kepler-282,754,1,4,1.091088,
Kepler-282 c,1.2,Kepler-282,754,1,4,1.091088,
Kepler-282 d,2.46,Kepler-282,754,1,4,1.091088,
Kepler-282 e,3.1,Kepler-282,754,1,4,1.091088,
WASP-41 b,13.55,WASP-41,1133,1,4,0.807456,180
CoRoT-18 b,14.67,CoRoT-18,58,1,4,0.785752,870
HD 134606 b,1.95,HD 134606,250,1,4,1.112991,26.5
HD 134606 c,3.94,HD 134606,250,1,4,1.112991,26.5
HD 134606 d,5.78,HD 134606,250,1,4,1.112991,26.5
HD 147513 b,10.6,HD 147513,270,1,4,0.947751,12.9
HD 16141 b,6.95,HD 16141,294,1,4,0.840877,35.9
HD 216770 b,9.41,HD 216770,375,1,4,0.680558,38
HD 290327 b,11.46,HD 290327,409,1,4,0.852487,54.9
HD 43197 b,9.24,HD 43197,440,1,4,0.825782,54.9
HD 46375 b,11.42,HD 46375,447,1,4,0.655495,33.4
HD 9446 b,9.57,HD 9446,511,1,4,1.010425,53
HD 9446 c,11.16,HD 9446,511,1,4,1.010425,53
HIP 14810 b,11.65,HIP 14810,530,1,4,0.812075,52.9
HIP 14810 c,10.69,HIP 14810,530,1,4,0.812075,52.9
HIP 14810 d,9.13,HIP 14810,530,1,4,0.812075,52.9
Kepler-154 b,2.26,Kepler-154,610,1,4,0.940457,
Kepler-154 c,2.95,Kepler-154,610,1,4,0.940457,
Kepler-325 b,2.91,Kepler-325,801,1,4,0.982122,
Kepler-325 c,2.54,Kepler-325,801,1,4,0.982122,
Kepler-325 d,2.79,Kepler-325,801,1,4,0.982122,
Kepler-347 b,1.97,Kepler-347,825,1,4,1.232504,
Kepler-347 c,1.75,Kepler-347,825,1,4,1.232504,
Kepler-35(AB) b,8.15,Kepler-35(AB),827,1,4,0.88614,1645
Kepler-86 b,10.14,Kepler-86,960,1,4,0.900772,
TrES-2b,13.32,TrES-2b,1077,1,4,1.050784,220
WASP-112 b,13.34,WASP-112,1102,1,4,0.89223,450
WASP-19 b,15.62,WASP-19,1111,1,4,0.827576,
1SWASP J1407 b,10.94,1SWASP J1407,8,1,4,0.329588,133
HD 147018 b,11.32,HD 147018,269,1,4,0.769358,42.96
HD 147018 c,11.68,HD 147018,269,1,4,0.769358,42.96
HD 156279 b,11.58,HD 156279,286,1,4,0.777969,36.6
HD 92788 b,11.65,HD 92788,508,1,4,0.839744,32.82
HD 92788 c,10.07,HD 92788,508,1,4,0.839744,32.82
Kepler-15 b,10.75,Kepler-15,605,1,4,0.865194,
Kepler-371 b,1.89,Kepler-371,851,1,4,0.906289,
Kepler-371 c,1.78,Kepler-371,851,1,4,0.906289,
Kepler-423 b,13.35,Kepler-423,899,1,4,0.988267,
Kepler-77 b,10.75,Kepler-77,949,1,4,0.816426,570
YBP1194 b,7.97,YBP1194,1200,1,4,0.981458,
16 Cyg B b,11.06,16 Cyg B,5,1,4,0.952446,21.41
AB Pic b,11.37,AB Pic,30,1,4,0.480532,47.3
HAT-P-44 b,14.34,HAT-P-44,164,1,4,0.675957,374
HAT-P-44 c,11,HAT-P-44,164,1,4,0.675957,374
HD 80606 b,10.32,HD 80606,489,1,4,0.874979,58.4
HD 86226 b,10.92,HD 86226,500,1,4,1.057716,42.48
Kepler-177 b,2.9,Kepler-177,637,1,4,1.074169,
Kepler-177 c,7.11,Kepler-177,637,1,4,1.074169,
Kepler-22 b,2.35,Kepler-22,685,1,4,0.797227,190
Kepler-294 b,1.77,Kepler-294,767,1,4,1.053352,
Kepler-294 c,2.71,Kepler-294,767,1,4,1.053352,
Kepler-344 b,2.61,Kepler-344,822,1,4,0.957743,
Kepler-344 c,2.95,Kepler-344,822,1,4,0.957743,
WASP-37 b,12.99,WASP-37,1129,1,4,0.96915,338
HD 136352 b,1.68,HD 136352,252,1,4,1.048391,14.8
HD 136352 c,3.85,HD 136352,252,1,4,1.048391,14.8
HD 136352 d,1.96,HD 136352,252,1,4,1.048391,14.8
Kepler-199 b,3.1,Kepler-199,662,1,4,0.856607,
Kepler-199 c,3.25,Kepler-199,662,1,4,0.856607,
Kepler-232 b,3.08,Kepler-232,699,1,4,0.986656,
Kepler-232 c,3.83,Kepler-232,699,1,4,0.986656,
Kepler-328 b,2.31,Kepler-328,804,1,4,0.673162,
Kepler-328 c,5.41,Kepler-328,804,1,4,0.673162,
Kepler-66 b,2.8,Kepler-66,939,1,4,1.057821,1107
HAT-P-25 b,13.33,HAT-P-25,142,1,4,0.755054,297
HD 189567 b,3.7,HD 189567,333,1,4,1.018466,17.7
HD 45652 b,8.7,HD 45652,446,1,4,0.649539,36
HD 7199 b,7.61,HD 7199,475,1,4,0.695821,36
HD 99492 b,5.59,HD 99492,524,1,4,0.417394,18
HD 99492 c,8.1,HD 99492,524,1,4,0.417394,18
Kepler-162 b,1.25,Kepler-162,619,1,4,0.946084,
Kepler-162 c,3.02,Kepler-162,619,1,4,0.946084,
Kepler-183 b,2.06,Kepler-183,645,1,4,0.99381,
Kepler-183 c,2.27,Kepler-183,645,1,4,0.99381,
Kepler-269 b,2.46,Kepler-269,739,1,4,0.966417,
Kepler-269 c,1.69,Kepler-269,739,1,4,0.966417,
Kepler-29 b,3.58,Kepler-29,762,1,4,0.903865,
Kepler-29 c,2.91,Kepler-29,762,1,4,0.903865,
Kepler-293 b,3.07,Kepler-293,766,1,4,0.9383,
Kepler-293 c,3.83,Kepler-293,766,1,4,0.9383,
Kepler-47(AB) b,3.02,Kepler-47(AB),918,1,4,0.841255,
Kepler-47(AB) c,4.59,Kepler-47(AB),918,1,4,0.841255,
Kepler-88 b,3.78,Kepler-88,962,1,4,0.7654,385
Kepler-88 c,9.33,Kepler-88,962,1,4,0.7654,385
XO-2N b,10.9,XO-2N,1195,1,4,0.677968,149
HD 102365 b,4.31,HD 102365,196,1,4,0.822894,9.24
HD 132563B b,10.91,HD 132563B,247,1,4,1.040604,96
HD 3651 b,6.8,HD 3651,423,1,4,0.576182,11
HD 3651 c,5.24,HD 3651,423,1,4,0.576182,11
Kepler-149 b,4.21,Kepler-149,604,1,4,0.678874,
Kepler-149 c,1.61,Kepler-149,604,1,4,0.678874,
Kepler-149 d,3.95,Kepler-149,604,1,4,0.678874,
Kepler-173 b,1.29,Kepler-173,632,1,4,1.071259,
Kepler-173 c,2.43,Kepler-173,632,1,4,1.071259,
Kepler-276 b,2.87,Kepler-276,747,1,4,0.923931,
Kepler-276 c,2.9,Kepler-276,747,1,4,0.923931,
Kepler-276 d,2.8,Kepler-276,747,1,4,0.923931,
Kepler-30 b,3.92,Kepler-30,773,1,4,0.739871,
Kepler-30 c,12.32,Kepler-30,773,1,4,0.739871,
Kepler-30 d,8.85,Kepler-30,773,1,4,0.739871,
Kepler-314 b,0.83,Kepler-314,789,1,4,0.677361,
Kepler-314 c,2.9,Kepler-314,789,1,4,0.677361,
Kepler-358 b,2.72,Kepler-358,836,1,4,0.986504,
Kepler-358 c,2.84,Kepler-358,836,1,4,0.986504,
WASP-16 b,11.29,WASP-16,1108,1,4,0.761805,
WASP-25 b,14.11,WASP-25,1118,1,4,0.885133,169
WASP-77A b,13.55,WASP-77A,1170,1,4,0.748768,
WASP-8 b,11.63,WASP-8,1173,1,4,0.80136,87
WASP-85 b,13.44,WASP-85,1177,1,4,1,
55 Cnc b,9.84,55 Cnc,22,1,4,0.581554,12.34
55 Cnc c,6.45,55 Cnc,22,1,4,0.581554,12.34
55 Cnc d,11.65,55 Cnc,22,1,4,0.581554,12.34
55 Cnc e,1.99,55 Cnc,22,1,4,0.581554,12.34
55 Cnc f,6.12,55 Cnc,22,1,4,0.581554,12.34
61 Vir b,1.66,61 Vir,24,1,4,0.741925,8.52
61 Vir c,4.51,61 Vir,24,1,4,0.741925,8.52
61 Vir d,4.87,61 Vir,24,1,4,0.741925,8.52
CoRoT-9 b,10.53,CoRoT-9,75,1,4,0.793662,460
HD 150433 b,6.43,HD 150433,276,1,4,0.987605,29.6
HD 49674 b,10.98,HD 49674,451,1,4,0.715981,40.7
Kepler-150 b,1.25,Kepler-150,606,1,4,0.757608,
Kepler-150 c,3.68,Kepler-150,606,1,4,0.757608,
Kepler-150 d,2.79,Kepler-150,606,1,4,0.757608,
Kepler-150 e,3.11,Kepler-150,606,1,4,0.757608,
Kepler-198 b,2.82,Kepler-198,661,1,4,0.765268,
Kepler-198 c,2.46,Kepler-198,661,1,4,0.765268,
Kepler-20 b,1.9,Kepler-20,663,1,4,0.713694,290
Kepler-20 c,3.06,Kepler-20,663,1,4,0.713694,290
Kepler-20 d,2.8,Kepler-20,663,1,4,0.713694,290
Kepler-20 e,0.87,Kepler-20,663,1,4,0.713694,290
Kepler-20 f,1.01,Kepler-20,663,1,4,0.713694,290
Kepler-200 b,2.13,Kepler-200,664,1,4,0.824,
Kepler-200 c,1.59,Kepler-200,664,1,4,0.824,
Kepler-209 b,2.26,Kepler-209,673,1,4,0.732314,
Kepler-209 c,3.1,Kepler-209,673,1,4,0.732314,
Kepler-308 b,2.12,Kepler-308,782,1,4,0.957372,
Kepler-308 c,2.16,Kepler-308,782,1,4,0.957372,
Kepler-317 b,2.08,Kepler-317,792,1,4,0.72385,
Kepler-317 c,1.71,Kepler-317,792,1,4,0.72385,
Kepler-382 b,1.32,Kepler-382,863,1,4,0.779646,
Kepler-382 c,1.59,Kepler-382,863,1,4,0.779646,
Kepler-424 b,9.97,Kepler-424,900,1,4,0.704557,
Kepler-424 c,11.67,Kepler-424,900,1,4,0.704557,
Kepler-46 b,9.09,Kepler-46,917,1,4,0.559835,857
Kepler-46 c,8.2,Kepler-46,917,1,4,0.559835,857
Kepler-59 b,1.1,Kepler-59,931,1,4,1.079058,
Kepler-59 c,2.02,Kepler-59,931,1,4,1.079058,
WASP-36 b,14.21,WASP-36,1128,1,4,0.954372,450
WASP-45 b,12.99,WASP-45,1137,1,4,0.55925,
HATS-14 b,11.64,HATS-14,181,1,4,0.637924,513
HATS-4 b,11.42,HATS-4,184,1,4,0.654204,420
Kepler-255 b,1.55,Kepler-255,724,1,4,0.748535,
Kepler-255 c,2.99,Kepler-255,724,1,4,0.748535,
Kepler-272 b,1.43,Kepler-272,743,1,4,0.610908,
Kepler-272 c,1.79,Kepler-272,743,1,4,0.610908,
Kepler-272 d,2.25,Kepler-272,743,1,4,0.610908,
Kepler-349 b,1.9,Kepler-349,826,1,4,0.976505,
Kepler-349 c,1.96,Kepler-349,826,1,4,0.976505,
Kepler-69 b,2.23,Kepler-69,942,1,4,0.784072,
Kepler-69 c,1.71,Kepler-69,942,1,4,0.784072,
WASP-104 b,12.73,WASP-104,1095,1,4,0.684608,143
WASP-34 b,13.66,WASP-34,1126,1,4,0.819134,120
WASP-44 b,12.77,WASP-44,1136,1,4,0.660448,
XO-1 b,13.26,XO-1,1194,1,4,1.052107,200
CoRoT-20 b,9.41,CoRoT-20,61,1,4,0.907768,1230
GQ Lup b,20.16,GQ Lup,123,1,4,0.53488,140
HAT-P-38 b,9.24,HAT-P-38,156,1,4,0.616882,249
HD 4308 b,4.01,HD 4308,438,1,4,0.745224,21.9
Kepler-163 b,1.05,Kepler-163,620,1,4,0.845229,
Kepler-163 c,2.26,Kepler-163,620,1,4,0.845229,
Kepler-258 b,4.05,Kepler-258,727,1,4,0.452977,
Kepler-258 c,3.61,Kepler-258,727,1,4,0.452977,
Kepler-297 b,2.87,Kepler-297,770,1,4,0.75701,
Kepler-297 c,6.53,Kepler-297,770,1,4,0.75701,
Kepler-93 b,1.48,Kepler-93,968,1,4,0.782612,
KOI-195 b,12.21,KOI-195,993,1,4,0.815769,880
WASP-46 b,14.67,WASP-46,1138,1,4,0.752617,
HD 126525 b,7.04,HD 126525,238,1,4,0.915904,38.1
HD 30669 b,8.7,HD 30669,413,1,4,0.631753,57
Kepler-254 b,3.86,Kepler-254,723,1,4,0.935585,
Kepler-254 c,2.15,Kepler-254,723,1,4,0.935585,
Kepler-254 d,2.5,Kepler-254,723,1,4,0.935585,
Kepler-374 b,1.03,Kepler-374,854,1,4,0.948212,
Kepler-374 c,1.1,Kepler-374,854,1,4,0.948212,
Kepler-374 d,1.31,Kepler-374,854,1,4,0.948212,
Kepler-51 b,7.09,Kepler-51,923,1,4,0.842525,
Kepler-51 c,8.99,Kepler-51,923,1,4,0.842525,
Kepler-74 b,14.78,Kepler-74,946,1,4,0.928069,1330
KOI-620.02 b,9.69,KOI-620.02,998,1,4,0.842525,
CoRoT-2 b,16.41,CoRoT-2,60,1,4,0.705152,300
eps Eridani b,10.96,eps Eridani,84,1,4,0.492332,3.2
GJ 3021 b,11.61,GJ 3021,98,1,4,0.684564,17.62
HAT-P-27-WASP-40 b,11.82,HAT-P-27-WASP-40,144,1,4,0.570881,204
HATS-2 b,13.08,HATS-2,182,1,4,0.540073,360
HD 101930 b,7.69,HD 101930,191,1,4,0.478977,30.49
HD 111232 b,11.68,HD 111232,218,1,4,0.661906,29
HD 164922 b,8.1,HD 164922,301,1,4,0.611108,21.93
HD 207832 b,9.09,HD 207832,358,1,4,0.774255,54.4
HD 207832 c,9.66,HD 207832,358,1,4,0.774255,54.4
HD 20794 b,1.4,HD 20794,359,1,4,0.660183,6.06
HD 20794 c,1.35,HD 20794,359,1,4,0.660183,6.06
HD 20794 d,1.64,HD 20794,359,1,4,0.660183,6.06
HD 215497 b,1.77,HD 215497,371,1,4,0.495342,44
HD 215497 c,7.9,HD 215497,371,1,4,0.495342,44
HD 27631 b,10.87,HD 27631,402,1,4,0.903697,45.5
HD 37605 b,11.53,HD 37605,425,1,4,0.640211,44
HD 37605 c,11.61,HD 37605,425,1,4,0.640211,44
HD 69830 b,3.75,HD 69830,472,1,4,0.604336,12.6
HD 69830 c,3.93,HD 69830,472,1,4,0.604336,12.6
HD 69830 d,4.53,HD 69830,472,1,4,0.604336,12.6
Kepler-238 b,1.72,Kepler-238,705,1,4,0.721879,
Kepler-238 c,2.39,Kepler-238,705,1,4,0.721879,
Kepler-238 d,3.07,Kepler-238,705,1,4,0.721879,
Kepler-238 e,5.61,Kepler-238,705,1,4,0.721879,
Kepler-238 f,2,Kepler-238,705,1,4,0.721879,
Kepler-259 b,2.8,Kepler-259,728,1,4,0.903516,
Kepler-259 c,2.7,Kepler-259,728,1,4,0.903516,
Kepler-281 b,2.82,Kepler-281,753,1,4,0.779596,
Kepler-281 c,5.31,Kepler-281,753,1,4,0.779596,
Kepler-295 b,1.22,Kepler-295,768,1,4,0.716238,
Kepler-295 c,1.16,Kepler-295,768,1,4,0.716238,
Kepler-295 d,1.36,Kepler-295,768,1,4,0.716238,
Kepler-300 b,1.67,Kepler-300,774,1,4,0.933086,
Kepler-300 c,2.25,Kepler-300,774,1,4,0.933086,
Kepler-301 b,1.34,Kepler-301,775,1,4,0.830948,
Kepler-301 c,1.34,Kepler-301,775,1,4,0.830948,
Kepler-301 d,1.75,Kepler-301,775,1,4,0.830948,
Kepler-319 b,1.62,Kepler-319,794,1,4,0.67767,
Kepler-319 c,2.63,Kepler-319,794,1,4,0.67767,
Kepler-319 d,2.28,Kepler-319,794,1,4,0.67767,
Kepler-370 b,1.59,Kepler-370,850,1,4,0.852299,
Kepler-370 c,1.9,Kepler-370,850,1,4,0.852299,
Kepler-63 b,6.1,Kepler-63,936,1,4,0.704094,200
Kepler-82 b,4,Kepler-82,956,1,4,0.767139,
Kepler-82 c,5.3,Kepler-82,956,1,4,0.767139,
Kepler-82 d,1.77,Kepler-82,956,1,4,0.767139,
Kepler-82 e,2.46,Kepler-82,956,1,4,0.767139,
WASP-39 b,14.22,WASP-39,1131,1,4,0.611098,230
HAT-P-52 b,11.3,HAT-P-52,171,1,4,0.495908,385
HATS-13 b,13.57,HATS-13,180,1,4,0.656806,476
HD 45364 b,6.66,HD 45364,445,1,4,0.617213,32.6
HD 45364 c,9.44,HD 45364,445,1,4,0.617213,32.6
HD 73256 b,11.19,HD 73256,477,1,4,0.684054,36.5
Kepler-153 b,2.92,Kepler-153,609,1,4,0.606082,
Kepler-153 c,2.53,Kepler-153,609,1,4,0.606082,
Kepler-176 b,1.43,Kepler-176,635,1,4,0.532526,
Kepler-176 c,2.6,Kepler-176,635,1,4,0.532526,
Kepler-176 d,2.51,Kepler-176,635,1,4,0.532526,
Kepler-251 b,1.33,Kepler-251,720,1,4,0.662694,
Kepler-251 c,2.77,Kepler-251,720,1,4,0.662694,
Kepler-251 d,2.77,Kepler-251,720,1,4,0.662694,
Kepler-251 e,2.77,Kepler-251,720,1,4,0.662694,
Kepler-280 b,1.44,Kepler-280,752,1,4,0.77362,
Kepler-280 c,2,Kepler-280,752,1,4,0.77362,
Kepler-322 b,1.01,Kepler-322,798,1,4,0.598936,
Kepler-322 c,1.67,Kepler-322,798,1,4,0.598936,
Kepler-405 b,2.08,Kepler-405,889,1,4,0.814263,
Kepler-405 c,4.66,Kepler-405,889,1,4,0.814263,
Kepler-41  b,9.42,Kepler-41,890,1,4,0.76664,730
Kepler-48 b,1.88,Kepler-48,919,1,4,0.515631,
Kepler-48 c,2.71,Kepler-48,919,1,4,0.515631,
Kepler-48 d,2.04,Kepler-48,919,1,4,0.515631,
Kepler-48 e,11.29,Kepler-48,919,1,4,0.515631,
Kepler-53 b,2.91,Kepler-53,925,1,4,0.836888,
Kepler-53 c,3.14,Kepler-53,925,1,4,0.836888,
Kepler-53 d,2.12,Kepler-53,925,1,4,0.836888,
KIC-9662267 b,3.81,KIC-9662267,984,1,4,0.69991,
YBP1514 b,8.34,YBP1514,1201,1,4,0.763435,
EPIC 201505350 b,7.22,EPIC 201505350,81,1,4,0.519831,
EPIC 201505350 c,4.21,EPIC 201505350,81,1,4,0.519831,
GJ 758 b,10.01,GJ 758,113,1,4,0.601803,15.5
HAT-P-37 b,13.19,HAT-P-37,155,1,4,0.631451,411
HD 77338 b,8.84,HD 77338,486,1,4,0.577766,40.75
HD 98649 b,11.68,HD 98649,522,1,4,0.868181,40.3
Kepler-160 b,1.53,Kepler-160,617,1,4,0.817629,
Kepler-160 c,3.61,Kepler-160,617,1,4,0.817629,
Kepler-262 b,1.36,Kepler-262,732,1,4,0.808731,
Kepler-262 c,1.64,Kepler-262,732,1,4,0.808731,
Kepler-271 b,0.88,Kepler-271,742,1,4,0.646949,
Kepler-271 c,1,Kepler-271,742,1,4,0.646949,
Kepler-310 b,1.19,Kepler-310,785,1,4,0.784636,
Kepler-310 c,3.38,Kepler-310,785,1,4,0.784636,
Kepler-310 d,2.46,Kepler-310,785,1,4,0.784636,
Kepler-384 b,1.12,Kepler-384,865,1,4,0.672137,
Kepler-384 c,1.13,Kepler-384,865,1,4,0.672137,
Kepler-404 b,1.27,Kepler-404,888,1,4,0.710033,
Kepler-404 c,1.71,Kepler-404,888,1,4,0.710033,
Kepler-75 b,11.54,Kepler-75,947,1,4,0.560743,1140
WASP-110 b,13.87,WASP-110,1100,1,4,0.592129,320
CoRoT-7 b,1.67,CoRoT-7,73,1,4,0.541113,150
CoRoT-7 c,1.9,CoRoT-7,73,1,4,0.541113,150
HATS-5 b,10.21,HATS-5,185,1,4,0.538692,257
HD 150706 b,11.5,HD 150706,277,1,4,0.737698,27.2
HD 175167 b,11.65,HD 175167,315,1,4,0.832547,67.02
Kepler-184 b,2.36,Kepler-184,646,1,4,0.762153,
Kepler-184 c,1.97,Kepler-184,646,1,4,0.762153,
Kepler-184 d,2.49,Kepler-184,646,1,4,0.762153,
Kepler-222 b,3.16,Kepler-222,688,1,4,0.59168,
Kepler-222 c,4.64,Kepler-222,688,1,4,0.59168,
Kepler-222 d,3.68,Kepler-222,688,1,4,0.59168,
Kepler-305 b,3.61,Kepler-305,779,1,4,0.397267,
Kepler-305 c,3.3,Kepler-305,779,1,4,0.397267,
Kepler-305 d,2.71,Kepler-305,779,1,4,0.397267,
Kepler-44 b,13.89,Kepler-44,907,1,4,0.595611,2250
Pr0211 b,11.17,Pr0211,1057,1,4,0.543919,
TrES-5b,13.54,TrES-5b,1080,1,4,0.481087,360
WASP-6 b,13.71,WASP-6,1152,1,4,0.599121,307
WASP-67 b,15.68,WASP-67,1160,1,4,0.496526,225
alf Cen B b,1.09,alf Cen B,32,1,4,0.493851,1.3
CoRoT-24 b,3.7,CoRoT-24,65,1,4,0.398389,600
CoRoT-24 c,4.93,CoRoT-24,65,1,4,0.398389,600
HD 142 b,10.65,HD 142,261,1,4,0.967923,20.6
HD 142 c,11.68,HD 142,261,1,4,0.967923,20.6
HD 218566 b,6.9,HD 218566,379,1,4,0.358158,29.94
HD 38858 b,5.36,HD 38858,429,1,4,0.823545,15.2
HD 81040 b,11.67,HD 81040,490,1,4,0.700465,32.56
HIP 91258 b,10.39,HIP 91258,541,1,4,0.608825,44.9
Kepler-260 b,2,Kepler-260,730,1,4,0.504109,
Kepler-260 c,1.74,Kepler-260,730,1,4,0.504109,
Kepler-286 b,1.24,Kepler-286,758,1,4,0.643315,
Kepler-286 c,1.37,Kepler-286,758,1,4,0.643315,
Kepler-286 d,1.33,Kepler-286,758,1,4,0.643315,
Kepler-286 e,1.77,Kepler-286,758,1,4,0.643315,
Kepler-439 b,2.24,Kepler-439,906,1,4,0.581,693
KOI-188 b,10.95,KOI-188,991,1,4,0.474077,650
Gl 86 b,11.66,Gl 86,121,1,4,0.537325,10.9
HD 154345 b,10.27,HD 154345,282,1,4,0.572052,18.06
HD 211847 b,10.99,HD 211847,365,1,4,0.685964,50.6
HD 4208 b,9.84,HD 4208,438,1,4,0.624396,33.9
HD 65216 b,10.66,HD 65216,466,1,4,0.658549,34.3
HD 65216 c,6.46,HD 65216,466,1,4,0.658549,34.3
HD 93083 b,8.16,HD 93083,509,1,4,0.396092,28.9
Kepler-148 b,1.8,Kepler-148,603,1,4,0.50076,
Kepler-148 c,3.6,Kepler-148,603,1,4,0.50076,
Kepler-19 b,2.22,Kepler-19,652,1,4,0.611055,
Kepler-242 b,2.61,Kepler-242,710,1,4,0.411664,
Kepler-242 c,1.99,Kepler-242,710,1,4,0.411664,
Kepler-351 b,3.06,Kepler-351,829,1,4,0.657306,
Kepler-351 c,3.19,Kepler-351,829,1,4,0.657306,
TrES-1b,12.31,TrES-1b,1076,1,4,0.469677,157
WASP-29 b,9.42,WASP-29,1121,1,4,0.340875,80
WASP-50 b,12.75,WASP-50,1143,1,4,0.557695,230
HAT-P-17 b,11.31,HAT-P-17,134,1,4,0.476051,90
HAT-P-17 c,10.82,HAT-P-17,134,1,4,0.476051,90
HD 70642 b,11.26,HD 70642,474,1,4,0.654306,28.8
Kepler-112 b,2.36,Kepler-112,566,1,4,0.598055,
Kepler-112 c,2.4,Kepler-112,566,1,4,0.598055,
Kepler-119 b,3.6,Kepler-119,572,1,4,0.620367,
Kepler-119 c,0.92,Kepler-119,572,1,4,0.620367,
Kepler-171 b,2.34,Kepler-171,630,1,4,0.641476,
Kepler-171 c,2.55,Kepler-171,630,1,4,0.641476,
Kepler-171 d,1.89,Kepler-171,630,1,4,0.641476,
Kepler-243 b,2.45,Kepler-243,711,1,4,0.472923,
Kepler-243 c,1.99,Kepler-243,711,1,4,0.472923,
Kepler-324 b,1.14,Kepler-324,800,1,4,0.46074,
Kepler-324 c,3.15,Kepler-324,800,1,4,0.46074,
Kepler-373 b,1.36,Kepler-373,853,1,4,0.710006,
Kepler-373 c,1.24,Kepler-373,853,1,4,0.710006,
Kepler-375 b,1.44,Kepler-375,855,1,4,0.72934,
Kepler-375 c,2.64,Kepler-375,855,1,4,0.72934,
Kepler-85 b,1.99,Kepler-85,959,1,4,0.652461,
Kepler-85 c,2.21,Kepler-85,959,1,4,0.652461,
Kepler-85 d,1.2,Kepler-85,959,1,4,0.652461,
Kepler-85 e,1.27,Kepler-85,959,1,4,0.652461,
POTS-1 b,10.54,POTS-1,1056,1,4,0.233313,
HD 102195 b,8.61,HD 102195,193,1,4,0.490246,28.98
HD 130322 b,10.3,HD 130322,243,1,4,0.498833,30
HD 63765 b,9.38,HD 63765,464,1,4,0.532642,32.6
Kepler-151 b,3.06,Kepler-151,607,1,4,0.549309,
Kepler-151 c,2.08,Kepler-151,607,1,4,0.549309,
Kepler-246 b,2.34,Kepler-246,714,1,4,0.454007,
Kepler-246 c,1.5,Kepler-246,714,1,4,0.454007,
Kepler-248 b,3.01,Kepler-248,716,1,4,0.448451,
Kepler-248 c,4.07,Kepler-248,716,1,4,0.448451,
Kepler-292 b,1.32,Kepler-292,765,1,4,0.487328,
Kepler-292 c,1.47,Kepler-292,765,1,4,0.487328,
Kepler-292 d,2.23,Kepler-292,765,1,4,0.487328,
Kepler-292 e,2.67,Kepler-292,765,1,4,0.487328,
Kepler-292 f,2.35,Kepler-292,765,1,4,0.487328,
Kepler-357 b,1.84,Kepler-357,835,1,4,0.397547,
Kepler-357 c,2.67,Kepler-357,835,1,4,0.397547,
Kepler-357 d,3.43,Kepler-357,835,1,4,0.397547,
KIC-9632895(AB) b,6.16,KIC-9632895(AB),983,1,4,0.580949,
OGLE-TR-111 b,12.06,OGLE-TR-111,1043,1,4,0.409377,1500
WASP-2 b,12.08,WASP-2,1112,1,4,0.438986,144
GSC 6214-210 b,11.14,GSC 6214-210,124,1,4,0.1296,145
HAT-P-19 b,12.68,HAT-P-19,135,1,4,0.374041,215
HD 137388 b,7.03,HD 137388,254,1,4,0.454823,38
HD 20003 b,3.92,HD 20003,347,1,4,0.749805,43.8
HD 20003 c,4.07,HD 20003,347,1,4,0.749805,43.8
HD 37124 b,9.49,HD 37124,424,1,4,0.597543,33
HD 37124 c,9.42,HD 37124,424,1,4,0.597543,33
HD 37124 d,9.56,HD 37124,424,1,4,0.597543,33
HD 85390 b,5.95,HD 85390,496,1,4,0.438465,33.96
HD 85390 c,6.8,HD 85390,496,1,4,0.438465,33.96
Kepler-211 b,1.25,Kepler-211,676,1,4,0.415542,
Kepler-211 c,1.29,Kepler-211,676,1,4,0.415542,
Kepler-221 b,1.71,Kepler-221,687,1,4,0.455866,
Kepler-221 c,2.92,Kepler-221,687,1,4,0.455866,
Kepler-221 d,2.73,Kepler-221,687,1,4,0.455866,
Kepler-221 e,2.63,Kepler-221,687,1,4,0.455866,
Kepler-230 b,4.26,Kepler-230,697,1,4,0.588225,
Kepler-230 c,2.04,Kepler-230,697,1,4,0.588225,
Kepler-71 b,11.71,Kepler-71,945,1,4,0.583752,
KIC-12454613 b,2.69,KIC-12454613,973,1,4,0.520613,
KIC-8552719 b,3.53,KIC-8552719,982,1,4,0.414645,
Qatar-1 b,13.04,Qatar-1,1062,1,4,0.339306,
HD 189733 b,12.75,HD 189733,334,1,4,0.328383,19.3
HD 2638 b,11.65,HD 2638,400,1,4,0.420833,53.71
Kepler-156 b,2.3,Kepler-156,612,1,4,0.396365,
Kepler-156 c,2.54,Kepler-156,612,1,4,0.396365,
Kepler-161 b,2.12,Kepler-161,618,1,4,0.391409,
Kepler-161 c,2.05,Kepler-161,618,1,4,0.391409,
Kepler-185 b,1.16,Kepler-185,647,1,4,0.433056,
Kepler-185 c,2.02,Kepler-185,647,1,4,0.433056,
Kepler-250 b,1.13,Kepler-250,719,1,4,0.41731,
Kepler-250 c,2.27,Kepler-250,719,1,4,0.41731,
Kepler-250 d,2.17,Kepler-250,719,1,4,0.41731,
Kepler-273 b,1.5,Kepler-273,744,1,4,0.589738,
Kepler-273 c,1.98,Kepler-273,744,1,4,0.589738,
Kepler-284 b,2.24,Kepler-284,756,1,4,0.585139,
Kepler-284 c,2.61,Kepler-284,756,1,4,0.585139,
Kepler-285 b,1.34,Kepler-285,757,1,4,0.504626,
Kepler-285 c,1.12,Kepler-285,757,1,4,0.504626,
TrES-3b,14.62,TrES-3b,1078,1,4,0.634826,
WASP-11-HAT-P-10 b,11.7,WASP-11-HAT-P-10,1099,1,4,0.362057,125
WASP-69 b,11.84,WASP-69,1162,1,4,0.293088,50
HAT-P-3 b,9.26,HAT-P-3,147,1,4,0.426576,130
HD 27894 b,9.31,HD 27894,403,1,4,0.320713,42.37
Kepler-137 b,1.47,Kepler-137,591,1,4,0.415657,
Kepler-137 c,1.88,Kepler-137,591,1,4,0.415657,
Kepler-190 b,1.56,Kepler-190,653,1,4,0.390295,
Kepler-190 c,1.46,Kepler-190,653,1,4,0.390295,
Kepler-226 b,1.55,Kepler-226,692,1,4,0.553098,
Kepler-226 c,2.27,Kepler-226,692,1,4,0.553098,
Kepler-226 d,1.22,Kepler-226,692,1,4,0.553098,
Kepler-244 b,2.76,Kepler-244,712,1,4,0.546378,
Kepler-244 c,2.05,Kepler-244,712,1,4,0.546378,
Kepler-244 d,2.31,Kepler-244,712,1,4,0.546378,
Kepler-245 b,2.56,Kepler-245,713,1,4,0.388464,
Kepler-245 c,2.17,Kepler-245,713,1,4,0.388464,
Kepler-245 d,3.02,Kepler-245,713,1,4,0.388464,
Kepler-326 b,1.52,Kepler-326,802,1,4,0.389989,
Kepler-326 c,1.4,Kepler-326,802,1,4,0.389989,
Kepler-326 d,1.21,Kepler-326,802,1,4,0.389989,
Kepler-339 b,1.42,Kepler-339,816,1,4,0.577314,
Kepler-339 c,1.15,Kepler-339,816,1,4,0.577314,
Kepler-339 d,1.16,Kepler-339,816,1,4,0.577314,
KIC-5094412 b,5.71,KIC-5094412,976,1,4,0.45754,
KOI-830 b,12.1,KOI-830,1001,1,4,0.403923,730
CoRoT-10 b,10.86,CoRoT-10,51,1,4,0.37144,345
HAT-P-26 b,6.32,HAT-P-26,143,1,4,0.370728,134
HD 108341 b,11.62,HD 108341,211,1,4,0.385392,49.4
HD 20868 b,11.25,HD 20868,361,1,4,0.296005,48.9
HD 39194 b,1.53,HD 39194,431,1,4,0.389583,25.9
HD 39194 c,1.74,HD 39194,431,1,4,0.389583,25.9
HD 39194 d,1.67,HD 39194,431,1,4,0.389583,25.9
HD 70573 b,11.68,HD 70573,473,1,4,0.602327,45.7
Kepler-141 b,0.69,Kepler-141,596,1,4,0.325439,
Kepler-141 c,1.41,Kepler-141,596,1,4,0.325439,
Kepler-191 b,1.34,Kepler-191,654,1,4,0.435851,
Kepler-191 c,1.86,Kepler-191,654,1,4,0.435851,
Kepler-247 b,1.64,Kepler-247,715,1,4,0.377988,
Kepler-247 c,4.09,Kepler-247,715,1,4,0.377988,
Kepler-247 d,3.94,Kepler-247,715,1,4,0.377988,
Kepler-253 b,1.62,Kepler-253,722,1,4,0.411934,
Kepler-253 c,2.64,Kepler-253,722,1,4,0.411934,
Kepler-253 d,3.17,Kepler-253,722,1,4,0.411934,
Kepler-261 b,2.17,Kepler-261,731,1,4,0.378219,
Kepler-261 c,1.99,Kepler-261,731,1,4,0.378219,
Kepler-263 b,2.67,Kepler-263,733,1,4,0.430266,
Kepler-263 c,2.46,Kepler-263,733,1,4,0.430266,
Kepler-389 b,1.51,Kepler-389,870,1,4,0.467715,
Kepler-389 c,1.46,Kepler-389,870,1,4,0.467715,
KOI-1781 b,1.88,KOI-1781,989,1,4,0.342742,
tau Cet b,1.28,tau Cet,1074,1,4,0.460153,3.65
tau Cet c,1.45,tau Cet,1074,1,4,0.460153,3.65
tau Cet d,1.5,tau Cet,1074,1,4,0.460153,3.65
tau Cet e,1.59,tau Cet,1074,1,4,0.460153,3.65
tau Cet f,1.79,tau Cet,1074,1,4,0.460153,3.65
WASP-52 b,14.22,WASP-52,1144,1,4,0.349965,140
HD 114783 b,10.27,HD 114783,225,1,4,0.370734,20.4
HD 7924 b,11.76,HD 7924,487,1,4,0.392095,16.8
Kepler-195 b,2.03,Kepler-195,658,1,4,0.440212,
Kepler-195 c,1.55,Kepler-195,658,1,4,0.440212,
Kepler-196 b,1.9,Kepler-196,659,1,4,0.37746,
Kepler-196 c,2.24,Kepler-196,659,1,4,0.37746,
Kepler-352 b,0.86,Kepler-352,830,1,4,0.402807,
Kepler-352 c,1.24,Kepler-352,830,1,4,0.402807,
Kepler-390 b,0.82,Kepler-390,872,1,4,0.388774,
Kepler-390 c,0.78,Kepler-390,872,1,4,0.388774,
Kepler-413(AB) b,4.34,Kepler-413(AB),893,1,4,0.263704,
Kepler-67 b,2.91,Kepler-67,940,1,4,0.438615,1107
KIC-9704149 b,4.48,KIC-9704149,985,1,4,0.552326,
WASP-10 b,12.1,WASP-10,1091,1,4,0.262748,90
CoRoT-8 b,6.37,CoRoT-8,74,1,4,0.354263,380
HD 103197 b,5.39,HD 103197,198,1,4,0.414662,49.3
Kepler-165 b,2.32,Kepler-165,622,1,4,0.392243,
Kepler-165 c,2.23,Kepler-165,622,1,4,0.392243,
Kepler-37 b,0.32,Kepler-37,849,1,4,0.458043,66
Kepler-37 c,0.75,Kepler-37,849,1,4,0.458043,66
Kepler-37 d,1.94,Kepler-37,849,1,4,0.458043,66
Kepler-386 b,1.39,Kepler-386,867,1,4,0.382401,
Kepler-386 c,1.58,Kepler-386,867,1,4,0.382401,
Kepler-397 b,2.45,Kepler-397,879,1,4,0.421956,
Kepler-397 c,6.17,Kepler-397,879,1,4,0.421956,
OGLE-TR-113 b,12.43,OGLE-TR-113,1044,1,4,0.267743,1500
WASP-23 b,10.77,WASP-23,1116,1,4,0.369353,
CFBDS 1458 b,11.68,CFBDS 1458,48,1,4,0.000043,23.1
HD 114386 b,10.64,HD 114386,221,1,4,0.279476,28
HD 114386 c,10.57,HD 114386,221,1,4,0.279476,28
HD 13808 b,3.73,HD 13808,255,1,4,0.360356,28.6
HD 13808 c,3.86,HD 13808,255,1,4,0.360356,28.6
HD 143361 b,11.58,HD 143361,264,1,4,0.640976,59.35
HD 157172 b,5.77,HD 157172,289,1,4,0.636182,31.9
HD 87883 b,11.46,HD 87883,503,1,4,0.318738,18.1
Kepler-169 b,1.13,Kepler-169,626,1,4,0.323113,
Kepler-169 c,1.21,Kepler-169,626,1,4,0.323113,
Kepler-169 d,1.25,Kepler-169,626,1,4,0.323113,
Kepler-169 e,2.2,Kepler-169,626,1,4,0.323113,
Kepler-169 f,2.58,Kepler-169,626,1,4,0.323113,
Kepler-179 b,1.64,Kepler-179,639,1,4,0.409521,
Kepler-179 c,1.99,Kepler-179,639,1,4,0.409521,
Kepler-233 b,2.43,Kepler-233,700,1,4,0.427736,
Kepler-233 c,2.71,Kepler-233,700,1,4,0.427736,
Kepler-239 b,2.33,Kepler-239,706,1,4,0.302174,
Kepler-239 c,2.51,Kepler-239,706,1,4,0.302174,
Kepler-421 b,4.16,Kepler-421,897,1,4,0.408136,320
KOI-82 b,2.2,KOI-82,1000,1,4,0.277164,
KOI-82 c,1.34,KOI-82,1000,1,4,0.277164,
KOI-82 d,0.69,KOI-82,1000,1,4,0.277164,
LKCA 15 b,11.68,LKCA 15,1003,1,4,0.358704,145
WTS-2 b,14.56,WTS-2,1193,1,4,0.324743,1000
HAT-P-11 b,4.73,HAT-P-11,127,1,4,0.263466,38
HD 181433 b,1.85,HD 181433,325,1,4,0.301261,26.15
HD 181433 c,9.38,HD 181433,325,1,4,0.301261,26.15
HD 181433 d,9.01,HD 181433,325,1,4,0.301261,26.15
HD 192263 b,9.67,HD 192263,338,1,4,0.306683,19.9
Kepler-181 b,1.27,Kepler-181,643,1,4,0.408224,
Kepler-181 c,1.99,Kepler-181,643,1,4,0.408224,
Kepler-189 b,1.21,Kepler-189,651,1,4,0.379035,
Kepler-189 c,2.37,Kepler-189,651,1,4,0.379035,
Kepler-444 b,0.4,Kepler-444,912,1,4,0.328938,
Kepler-444 c,0.5,Kepler-444,912,1,4,0.328938,
Kepler-444 d,0.53,Kepler-444,912,1,4,0.328938,
Kepler-444 e,0.55,Kepler-444,912,1,4,0.328938,
Kepler-444 f,0.74,Kepler-444,912,1,4,0.328938,
KIC-6372194 b,8.29,KIC-6372194,980,1,4,0.378456,
WASP-84 b,10.55,WASP-84,1176,1,4,0.400294,120
BD-082823 b,4.16,BD-082823,35,1,4,0.249267,42.2
BD-082823 c,7.9,BD-082823,35,1,4,0.249267,42.2
GJ 160.2 b,3.72,GJ 160.2,93,1,4,0.174593,23.12
HD 21693 b,3.72,HD 21693,376,1,4,0.609663,32.4
HD 21693 c,4.69,HD 21693,376,1,4,0.609663,32.4
HD 22781 b,11.36,HD 22781,390,1,4,0.310872,31.79
Kepler-166 b,2.27,Kepler-166,623,1,4,0.421799,
Kepler-166 c,2.37,Kepler-166,623,1,4,0.421799,
Kepler-240 b,1.37,Kepler-240,708,1,4,0.303399,
Kepler-240 c,2.2,Kepler-240,708,1,4,0.303399,
Kepler-290 b,2.25,Kepler-290,763,1,4,0.344802,
Kepler-290 c,2.7,Kepler-290,763,1,4,0.344802,
Kepler-78 b,1.2,Kepler-78,950,1,4,0.329521,
BD14 4559 b,10.89,BD14 4559,42,1,4,0.256779,50
HD 103720 b,9.31,HD 103720,199,1,4,0.302909,41.6
HD 104067 b,6.65,HD 104067,201,1,4,0.288487,20.8
HD 128311 b,11.34,HD 128311,241,1,4,0.290544,16.6
HD 128311 c,11.59,HD 128311,241,1,4,0.290544,16.6
HD 166724 b,11.63,HD 166724,303,1,4,0.334719,42.3
HD 97658 b,2.25,HD 97658,520,1,4,0.341584,21.1
Kepler-229 b,2.2,Kepler-229,695,1,4,0.328561,
Kepler-229 c,4.92,Kepler-229,695,1,4,0.328561,
Kepler-229 d,3.84,Kepler-229,695,1,4,0.328561,
Kepler-57 b,2.24,Kepler-57,929,1,4,0.335025,
Kepler-57 c,1.57,Kepler-57,929,1,4,0.335025,
HAT-P-18 b,10.61,HAT-P-18,135,1,4,0.259444,166
HD 156668 b,1.58,HD 156668,288,1,4,0.257349,24.5
HD 204941 b,7.42,HD 204941,353,1,4,0.303937,27
HIP 116454 b,2.53,HIP 116454,528,1,4,0.308493,55.2
Kepler-152 b,2.79,Kepler-152,608,1,4,0.311705,
Kepler-152 c,2.39,Kepler-152,608,1,4,0.311705,
Kepler-237 b,1.41,Kepler-237,704,1,4,0.259691,
Kepler-237 c,2.08,Kepler-237,704,1,4,0.259691,
Kepler-306 b,1.52,Kepler-306,780,1,4,0.280142,
Kepler-306 c,2.35,Kepler-306,780,1,4,0.280142,
Kepler-306 d,2.46,Kepler-306,780,1,4,0.280142,
Kepler-306 e,2.27,Kepler-306,780,1,4,0.280142,
Kepler-309 b,1.56,Kepler-309,783,1,4,0.22948,
Kepler-309 c,2.51,Kepler-309,783,1,4,0.22948,
Kepler-330 b,1.34,Kepler-330,807,1,4,0.318872,
Kepler-330 c,1.95,Kepler-330,807,1,4,0.318872,
Kepler-332 b,1.16,Kepler-332,809,1,4,0.280369,
Kepler-332 c,1.09,Kepler-332,809,1,4,0.280369,
Kepler-332 d,1.18,Kepler-332,809,1,4,0.280369,
Kepler-362 b,0.88,Kepler-362,841,1,4,0.521998,
Kepler-362 c,1.44,Kepler-362,841,1,4,0.521998,
KIC-6436029 b,3.07,KIC-6436029,981,1,4,0.226379,
14 Her b,11.68,14 Her,4,1,4,0.357817,18.1
GJ 676A b,11.68,GJ 676A,111,1,4,0.100405,16.45
GJ 676A c,11.56,GJ 676A,111,1,4,0.100405,16.45
GJ 676A d,1.6,GJ 676A,111,1,4,0.100405,16.45
GJ 676A e,3.86,GJ 676A,111,1,4,0.100405,16.45
HD 162020 b,11.32,HD 162020,296,1,4,0.246147,31.26
Qatar-2 b,12.81,Qatar-2,1063,1,4,0.21233,
CT Cha b,24.64,CT Cha,76,1,4,0.30688,165
HAT-P-12 b,10.69,HAT-P-12,128,1,4,0.205541,142.5
HD 142022 A b,11.68,HD 142022 A,262,1,4,0.374148,35.87
HIP 12961 b,8.04,HIP 12961,529,1,4,0.096262,23
Kepler-121 b,2.34,Kepler-121,575,1,4,0.349777,
Kepler-121 c,2.27,Kepler-121,575,1,4,0.349777,
Kepler-167 b,1.44,Kepler-167,624,1,4,0.232596,
Kepler-167 c,1.37,Kepler-167,624,1,4,0.232596,
Kepler-28 b,3.58,Kepler-28,751,1,4,0.195136,
Kepler-28 c,3.36,Kepler-28,751,1,4,0.195136,
Kepler-443 b,2.33,Kepler-443,911,1,4,0.217,779
WASP-98 b,12.32,WASP-98,1186,1,4,0.409652,
BD-17 63 b,11.68,BD-17 63,38,1,4,0.210934,34.6
HAT-P-20 b,9.71,HAT-P-20,137,1,4,0.192642,70
Kepler-210 b,3.83,Kepler-210,675,1,4,0.146037,
Kepler-210 c,4.88,Kepler-210,675,1,4,0.146037,
Kepler-304 b,2.86,Kepler-304,778,1,4,0.213993,
Kepler-304 c,2.17,Kepler-304,778,1,4,0.213993,
Kepler-304 d,2.74,Kepler-304,778,1,4,0.213993,
Kepler-367 b,1.3,Kepler-367,846,1,4,0.210219,
Kepler-367 c,1.2,Kepler-367,846,1,4,0.210219,
Kepler-436 b,2.73,Kepler-436,903,1,4,0.199,618
HD 192310 b,4.77,HD 192310,339,1,4,0.290477,8.91
HD 192310 c,4.93,HD 192310,339,1,4,0.295478,8.82
HD 63454 b,11.87,HD 63454,463,1,4,0.226864,35.8
HIP 57274 b,3.86,HIP 57274,533,1,4,0.1923,25.92
HIP 57274 c,8.4,HIP 57274,533,1,4,0.1923,25.92
HIP 57274 d,8.96,HIP 57274,533,1,4,0.1923,25.92
Kepler-224 b,1.39,Kepler-224,690,1,4,0.263045,
Kepler-224 c,3.11,Kepler-224,690,1,4,0.263045,
Kepler-224 d,2.3,Kepler-224,690,1,4,0.263045,
Kepler-224 e,1.97,Kepler-224,690,1,4,0.263045,
Kepler-399 b,0.96,Kepler-399,881,1,4,0.380181,
Kepler-399 c,1.43,Kepler-399,881,1,4,0.380181,
Kepler-399 d,1.89,Kepler-399,881,1,4,0.380181,
Kepler-202 b,1.62,Kepler-202,666,1,4,0.191233,
Kepler-202 c,1.85,Kepler-202,666,1,4,0.191233,
Kepler-220 b,0.81,Kepler-220,686,1,4,0.185402,
Kepler-220 c,1.57,Kepler-220,686,1,4,0.185402,
Kepler-220 d,0.97,Kepler-220,686,1,4,0.185402,
Kepler-220 e,1.33,Kepler-220,686,1,4,0.185402,
Kepler-241 b,2.33,Kepler-241,709,1,4,0.196364,
Kepler-241 c,2.56,Kepler-241,709,1,4,0.196364,
Kepler-354 b,1.84,Kepler-354,832,1,4,0.187977,
Kepler-354 c,1.31,Kepler-354,832,1,4,0.187977,
Kepler-354 d,1.24,Kepler-354,832,1,4,0.187977,
Kepler-378 b,0.75,Kepler-378,858,1,4,0.190088,
Kepler-378 c,0.69,Kepler-378,858,1,4,0.190088,
Kepler-383 b,1.32,Kepler-383,864,1,4,0.198209,
Kepler-383 c,1.24,Kepler-383,864,1,4,0.198209,
Kepler-437 b,2.14,Kepler-437,904,1,4,0.173,417
WASP-43 b,11.6,WASP-43,1135,1,4,0.166608,
HD 285507 b,10.11,HD 285507,407,1,4,0.158747,41.3
Kepler-159 b,2.37,Kepler-159,615,1,4,0.178824,
Kepler-159 c,3.4,Kepler-159,615,1,4,0.178824,
HD 40307 b,1.56,HD 40307,432,1,4,0.233304,12.8
HD 40307 c,1.78,HD 40307,432,1,4,0.233304,12.8
HD 40307 d,1.96,HD 40307,432,1,4,0.233304,12.8
HD 40307 e,1.5,HD 40307,432,1,4,0.233304,12.8
HD 40307 f,1.68,HD 40307,432,1,4,0.233304,12.8
HD 40307 g,1.82,HD 40307,432,1,4,0.233304,12.8
Kepler-114 b,1.18,Kepler-114,567,1,4,0.148647,
Kepler-114 c,1.6,Kepler-114,567,1,4,0.148647,
Kepler-114 d,2.53,Kepler-114,567,1,4,0.148647,
Kepler-16(AB) b,8.44,Kepler-16(AB),616,1,4,0.148647,
Kepler-80 b,2.35,Kepler-80,954,1,4,0.170072,
Kepler-80 c,2.58,Kepler-80,954,1,4,0.170072,
Kepler-80 d,1.4,Kepler-80,954,1,4,0.170072,
Kepler-80 e,1.5,Kepler-80,954,1,4,0.170072,
Kepler-80 f,1.3,Kepler-80,954,1,4,0.170072,
KIC-12557548 b,0.85,KIC-12557548,974,1,4,0.143634,470
HD 20781 b,3.93,HD 20781,356,1,4,0.459205,35.4
HD 20781 c,4.3,HD 20781,356,1,4,0.459205,35.4
HD 215152 b,1.41,HD 215152,369,1,4,0.256376,21.5
HD 215152 c,1.45,HD 215152,369,1,4,0.256376,21.5
Kepler-124 b,0.73,Kepler-124,578,1,4,0.226758,
Kepler-124 c,1.75,Kepler-124,578,1,4,0.226758,
Kepler-124 d,1.11,Kepler-124,578,1,4,0.226758,
Kepler-62 b,1.31,Kepler-62,935,1,4,0.200138,368
Kepler-62 c,0.54,Kepler-62,935,1,4,0.200138,368
Kepler-62 d,1.95,Kepler-62,935,1,4,0.200138,368
Kepler-62 e,1.61,Kepler-62,935,1,4,0.200138,368
Kepler-62 f,1.41,Kepler-62,935,1,4,0.200138,368
WASP-80 b,10.66,WASP-80,1174,1,4,0.105116,60
HAT-P-54 b,10.57,HAT-P-54,173,1,4,0.126858,135.8
Kepler-155 b,2.08,Kepler-155,611,1,4,0.142432,
Kepler-155 c,2.24,Kepler-155,611,1,4,0.142432,
Kepler-158 b,2.12,Kepler-158,614,1,4,0.157532,
Kepler-158 c,1.9,Kepler-158,614,1,4,0.157532,
Kepler-174 b,1.96,Kepler-174,633,1,4,0.195593,360
Kepler-174 c,1.49,Kepler-174,633,1,4,0.195593,360
Kepler-174 d,2.18,Kepler-174,633,1,4,0.195593,360
Kepler-345 b,0.74,Kepler-345,823,1,4,0.141928,
Kepler-345 c,1.2,Kepler-345,823,1,4,0.141928,
Kepler-61 b,2.15,Kepler-61,934,1,4,0.089801,326
Kepler-398 b,0.93,Kepler-398,880,1,4,0.136049,
Kepler-398 c,1.01,Kepler-398,880,1,4,0.136049,
WASP-59 b,10.08,WASP-59,1151,1,4,0.157624,125
HD 125595 b,4.06,HD 125595,236,1,4,0.181761,27.4
Kepler-26 b,3.58,Kepler-26,729,1,4,0.128069,
Kepler-26 c,3.58,Kepler-26,729,1,4,0.128069,
Kepler-26 e,2.41,Kepler-26,729,1,4,0.128069,
Kepler-27 b,4.03,Kepler-27,740,1,4,0.265564,
Kepler-27 c,4.93,Kepler-27,740,1,4,0.265564,
Kepler-388 b,0.81,Kepler-388,869,1,4,0.127841,
Kepler-388 c,0.86,Kepler-388,869,1,4,0.127841,
Kepler-442 b,1.34,Kepler-442,910,1,4,0.117,342
Kepler-298 b,1.96,Kepler-298,771,1,4,0.119959,474
Kepler-298 c,1.93,Kepler-298,771,1,4,0.119959,474
Kepler-298 d,2.5,Kepler-298,771,1,4,0.119959,474
Kepler-55 b,2.46,Kepler-55,927,1,4,0.109267,
Kepler-55 c,2.24,Kepler-55,927,1,4,0.109267,
Kepler-55 d,1.59,Kepler-55,927,1,4,0.109267,
Kepler-55 e,1.55,Kepler-55,927,1,4,0.109267,
Kepler-55 f,1.59,Kepler-55,927,1,4,0.109267,
Kepler-81 b,2.54,Kepler-81,955,1,4,0.111429,
Kepler-81 c,2.45,Kepler-81,955,1,4,0.111429,
Kepler-81 d,1.21,Kepler-81,955,1,4,0.111429,
GJ 3470 b,4.19,GJ 3470,103,1,4,0.048618,30.7
HATS-6 b,11.18,HATS-6,186,1,4,0.056063,148.4
HD 6434 b,8.28,HD 6434,465,1,4,0.337912,40.32
Kepler-283 b,2.13,Kepler-283,755,1,4,0.104471,534
Kepler-283 c,1.81,Kepler-283,755,1,4,0.104471,534
KOI-2700 b,1.06,KOI-2700,995,1,4,0.114158,
MOA-2010-BLG-477L b,10.92,MOA-2010-BLG-477L,1012,1,4,0.201511,2300
EPIC 201367065 b,2.14,EPIC 201367065,80,1,4,0.065057,45
EPIC 201367065 c,1.72,EPIC 201367065,80,1,4,0.065057,45
EPIC 201367065 d,1.52,EPIC 201367065,80,1,4,0.065057,45
FW Tau b,11.57,FW Tau,89,1,4,0.032117,145
GJ 229 b,5.44,GJ 229,97,1,4,0.045066,5.75
Kepler-186 f,1.17,Kepler-186,648,1,4,0.055,172
Kepler-267 b,1.98,Kepler-267,737,1,4,0.092489,
Kepler-267 c,2.13,Kepler-267,737,1,4,0.092489,
Kepler-267 d,2.27,Kepler-267,737,1,4,0.092489,
Kepler-296 b,0.94,Kepler-296,769,1,4,0.091709,519
Kepler-296 c,2.15,Kepler-296,769,1,4,0.091709,519
Kepler-296 d,2.27,Kepler-296,769,1,4,0.091709,519
Kepler-395 b,1.03,Kepler-395,877,1,4,0.092837,
Kepler-395 c,1.32,Kepler-395,877,1,4,0.092837,
BD-061339 b,1.91,BD-061339,34,1,4,0.094876,20
BD-061339 c,6.46,BD-061339,34,1,4,0.094876,20
BD-061339 d,5.27,BD-061339,34,1,4,0.094876,20
HD 164604 b,11.5,HD 164604,300,1,4,0.188611,38
HIP 5158 b,10.86,HIP 5158,531,1,4,0.165358,45
HIP 5158 c,11.27,HIP 5158,531,1,4,0.165358,45
Kepler-205 b,1.51,Kepler-205,669,1,4,0.094613,
Kepler-205 c,1.64,Kepler-205,669,1,4,0.094613,
Kepler-235 b,2.23,Kepler-235,702,1,4,0.088964,
Kepler-235 c,1.28,Kepler-235,702,1,4,0.088964,
Kepler-235 d,2.05,Kepler-235,702,1,4,0.088964,
Kepler-235 e,2.22,Kepler-235,702,1,4,0.088964,
Kepler-252 b,1.23,Kepler-252,721,1,4,0.085098,
Kepler-252 c,2.15,Kepler-252,721,1,4,0.085098,
Kepler-440 b,1.86,Kepler-440,908,1,4,0.079,261
KIC-10905746 b,2.65,KIC-10905746,971,1,4,0.087079,
WISE 1711+3500 b,11.08,WISE 1711+3500,1191,1,4,0.000096,19
Kepler-138 c,1.61,Kepler-138,592,1,4,0.058745,
Kepler-138 d,1.61,Kepler-138,592,1,4,0.058745,
Kepler-83 b,2.34,Kepler-83,957,1,4,0.078363,
Kepler-83 c,1.94,Kepler-83,957,1,4,0.078363,
Kepler-83 d,1.94,Kepler-83,957,1,4,0.078363,
GJ 176 b,1.9,GJ 176,95,1,4,0.038691,9.42
HD 113538 b,8.1,HD 113538,220,1,4,0.099899,15.8
HD 113538 c,10.14,HD 113538,220,1,4,0.099899,15.8
HD 330075 b,11.87,HD 330075,418,1,4,0.395738,50.2
HD 85512 b,1.5,HD 85512,497,1,4,0.125971,11.15
Kepler-120 b,2.15,Kepler-120,574,1,4,0.070938,
Kepler-120 c,1.52,Kepler-120,574,1,4,0.070938,
Kepler-32 b,4.14,Kepler-32,795,1,4,0.058304,
Kepler-32 c,3.7,Kepler-32,795,1,4,0.058304,
Kepler-333 b,1.32,Kepler-333,810,1,4,0.082922,
Kepler-333 c,1.11,Kepler-333,810,1,4,0.082922,
Kepler-441 b,1.64,Kepler-441,909,1,4,0.089,284
Kepler-45 b,10.75,Kepler-45,916,1,4,0.071346,333
Kepler-49 b,2.69,Kepler-49,920,1,4,0.062857,
Kepler-49 c,2.58,Kepler-49,920,1,4,0.062857,
Kepler-49 d,1.6,Kepler-49,920,1,4,0.062857,
Kepler-49 e,1.56,Kepler-49,920,1,4,0.062857,
BD-114672 b,8.97,BD-114672,37,1,4,0.09729,27.3
CD-35 2722 b,10.24,CD-35 2722,47,1,4,0.044541,21.3
GJ 27.1 b,4.03,GJ 27.1,97,1,4,0.03833,23.99
GJ 849 b,10.07,GJ 849,115,1,4,0.014259,9.1
GJ 849 c,9.77,GJ 849,115,1,4,0.014259,9.1
Kepler-316 b,1.06,Kepler-316,791,1,4,0.075779,
Kepler-316 c,1.15,Kepler-316,791,1,4,0.075779,
Kepler-329 b,1.4,Kepler-329,805,1,4,0.079673,
Kepler-329 c,1.93,Kepler-329,805,1,4,0.079673,
Kepler-52 b,2.13,Kepler-52,924,1,4,0.066897,
Kepler-52 c,1.79,Kepler-52,924,1,4,0.066897,
Kepler-52 d,1.95,Kepler-52,924,1,4,0.066897,
Kepler-125 b,2.36,Kepler-125,579,1,4,0.049173,
Kepler-125 c,0.74,Kepler-125,579,1,4,0.049173,
Kepler-236 b,1.57,Kepler-236,703,1,4,0.046148,
Kepler-236 c,1.99,Kepler-236,703,1,4,0.046148,
Kepler-353 b,0.88,Kepler-353,831,1,4,0.05205,
Kepler-353 c,1.38,Kepler-353,831,1,4,0.05205,
Kepler-54 b,2.13,Kepler-54,926,1,4,0.042265,
Kepler-54 c,1.23,Kepler-54,926,1,4,0.042265,
Kepler-54 d,1.52,Kepler-54,926,1,4,0.042265,
Kepler-231 b,1.72,Kepler-231,698,0,3,0.043378,
Kepler-231 c,1.93,Kepler-231,698,0,3,0.043378,
Kepler-327 b,1.11,Kepler-327,803,0,3,0.04487,
Kepler-327 c,1.03,Kepler-327,803,0,3,0.04487,
Kepler-327 d,1.72,Kepler-327,803,0,3,0.04487,
Kepler-331 b,1.81,Kepler-331,808,0,3,0.07692,
Kepler-331 c,1.84,Kepler-331,808,0,3,0.07692,
Kepler-331 d,1.64,Kepler-331,808,0,3,0.07692,
Kepler-225 b,1.2,Kepler-225,691,0,3,0.037993,
Kepler-225 c,1.84,Kepler-225,691,0,3,0.037993,
Kepler-249 b,1.09,Kepler-249,717,0,3,0.033502,
Kepler-249 c,1.51,Kepler-249,717,0,3,0.033502,
Kepler-249 d,1.57,Kepler-249,717,0,3,0.033502,
Kepler-303 b,0.88,Kepler-303,777,0,3,0.050017,
Kepler-303 c,1.14,Kepler-303,777,0,3,0.050017,
KOI-4427 b,1.84,KOI-4427,997,0,3,0.043,240
Kepler-186 b,1.14,Kepler-186,648,0,3,0.041154,151
Kepler-186 c,1.34,Kepler-186,648,0,3,0.041154,151
Kepler-186 d,1.56,Kepler-186,648,0,3,0.041154,151
Kepler-186 e,1.33,Kepler-186,648,0,3,0.041154,151
Kepler-369 b,1.13,Kepler-369,848,0,3,0.032957,
Kepler-369 c,1.41,Kepler-369,848,0,3,0.032957,
GJ 3341 b,1.78,GJ 3341,102,0,3,0.028964,23.2
GJ 436 b,4.26,GJ 436,107,0,3,0.03558,10.2
Kepler-438 b,1.12,Kepler-438,905,0,3,0.037953,145
GJ 832 b,9.51,GJ 832,114,0,3,0.026036,4.95
GJ 832 c,1.69,GJ 832,114,0,3,0.026036,4.95
Gl 649 b,7.89,Gl 649,119,0,3,0.034123,10.34
Gl 649 c,1.96,Gl 649,119,0,3,0.034123,10.34
KOI-1843 b,0.58,KOI-1843,990,0,3,0.029977,
GJ 328 b,11.39,GJ 328,100,0,3,0.039567,19.8
GJ 3634 b,1.81,GJ 3634,104,0,3,0.02001,19.8
Kepler-296 e,1.48,Kepler-296,769,0,3,0.027,519
Kepler-296 f,1.75,Kepler-296,769,0,3,0.027,519
GJ 674 b,12.66,GJ 674,110,0,3,0.026583,4.54
Gl 687 b,4.53,Gl 687,120,0,3,0.021302,4.5
GJ 3293 b,4.94,GJ 3293,101,0,3,0.022085,18.2
GJ 3293 c,1.91,GJ 3293,101,0,3,0.022085,18.2
GJ 3293 d,4.82,GJ 3293,101,0,3,0.022085,18.2
GJ 163 b,3.77,GJ 163,94,0,3,0.021975,15
GJ 163 c,1.83,GJ 163,94,0,3,0.021975,15
Gj 163 d,4.81,GJ 163,94,0,3,0.021975,15
HIP 57050 b,7.67,HIP 57050,532,0,3,0.014865,11
HIP 70849 b,11.61,HIP 70849,536,0,3,0.040966,24
HIP 79431 b,11.31,HIP 79431,540,0,3,0.014613,14.4
EPIC 201912552 b,2.24,EPIC 201912552,82,0,3,0.020972,34
GJ 433 b,1.68,GJ 433,106,0,3,0.023178,8.88
GJ 433 c,6.07,GJ 433,106,0,3,0.023178,8.88
GJ 682 b,1.6,GJ 682,112,0,3,0.01132,5.08
GJ 682 c,1.92,GJ 682,112,0,3,0.01132,5.08
Gl 15 A b,1.69,Gl 15 A,116,0,3,0.021675,3.59
2M 0103(AB) b,11.4,2M 0103(AB),10,0,3,0.027955,47.2
2M 0122-2439 b,11.4,2M 0122-2439,11,0,3,0.027955,36
Gl 179 b,9.89,Gl 179,117,0,3,0.01671,12.3
Gliese 876 b,11.22,Gliese 876,122,0,3,0.014644,4.7
Gliese 876 c,9.37,Gliese 876,122,0,3,0.014644,4.7
Gliese 876 d,1.69,Gliese 876,122,0,3,0.014644,4.7
Gliese 876 e,3.96,Gliese 876,122,0,3,0.014644,4.7
DH Tau b,11.52,DH Tau,78,0,3,0.023366,
GJ 667C b,1.71,GJ 667C,109,0,3,0.0137,7.23
GJ 667C c,1.54,GJ 667C,109,0,3,0.0137,7.23
GJ 667C d,1.67,GJ 667C,109,0,3,0.0137,7.23
GJ 667C e,1.4,GJ 667C,109,0,3,0.0137,7.23
GJ 667C f,1.4,GJ 667C,109,0,3,0.0137,7.23
GJ 667C g,1.62,GJ 667C,109,0,3,0.0137,7.23
SR 12 AB c,11.4,SR 12 AB,1070,0,3,0.075478,125
GJ 180 b,1.89,GJ 180,96,0,3,0.013018,11.69
GJ 180 c,1.77,GJ 180,96,0,3,0.013018,11.69
ROXs 12 b,11.21,ROXs 12,1065,0,3,0.021997,120
CHXR 73 b,11.46,CHXR 73,49,0,3,0.020563,
GU Psc b,15.12,GU Psc,125,0,3,0.021207,48
TWA 5 b,10.61,TWA 5,1081,0,3,0.021472,25
GJ 422 b,1.98,GJ 422,105,0,3,0.009624,12.67
Gl 581 b,4.31,Gl 581,118,0,3,0.01209,6.21
Gl 581 c,1.69,Gl 581,118,0,3,0.01209,6.21
Gl 581 e,1.27,Gl 581,118,0,3,0.01209,6.21
HD 41004 B b,11.87,HD 41004 B,435,0,3,0.052426,43.03
Kapteyn b,1.64,Kapteyn,551,0,3,0.011984,3.91
Kapteyn c,1.81,Kapteyn,551,0,3,0.011984,3.91
2M1207 b,11.66,2M1207,16,0,3,0.002371,52.4
GJ 317 b,11.15,GJ 317,99,0,3,0.008749,15.1
GJ 317 c,11.26,GJ 317,99,0,3,0.008749,15.1
Kepler-446 b,1.5,Kepler-446,914,0,3,0.006579,120
Kepler-446 c,1.1,Kepler-446,914,0,3,0.006579,120
Kepler-446 d,1.34,Kepler-446,914,0,3,0.006579,120
V391 Peg b,11.59,V391 Peg,1089,0,3,34.979689,1400
GJ 1214 b,2.67,GJ 1214,92,0,3,0.00351,13
Kepler-445 b,1.58,Kepler-445,913,0,3,0.00393,90
Kepler-445 c,2.51,Kepler-445,913,0,3,0.00393,90
Kepler-445 d,1.25,Kepler-445,913,0,3,0.00393,90
Kepler-70  b,0.76,Kepler-70,944,0,3,21.861576,1180
Kepler-70 c,0.87,Kepler-70,944,0,3,21.861576,1180
MOA-2009-BLG-319 b,6.29,MOA-2009-BLG-319,1009,0,3,0.024844,6100
OGLE-05-390L b,1.69,OGLE-05-390L,1029,0,3,0.007068,6500
DP Leo b,11.68,DP Leo,79,0,3,0.226671,
Kepler-42 b,0.78,Kepler-42,896,0,3,0.002297,38.7
Kepler-42 c,0.73,Kepler-42,896,0,3,0.002297,38.7
Kepler-42 d,0.57,Kepler-42,896,0,3,0.002297,38.7
MOA-2009-BLG-387L b,11.48,MOA-2009-BLG-387L,1010,0,3,0.005045,5700
2M 2206-20 b,14.56,2M 2206-20,15,0,3,0.000331,26.67
2M 2140+16 b,10.3,2M 2140+16,14,0,3,0.000251,25
WISE 0458+6434 b,11.3,WISE 0458+6434,1189,0,3,0.000002,10.5
2M 0746+20 b,10.86,2M 0746+20,13,0,3,0.000168,12.21
MOA-2010-BLG-328L b,1.94,MOA-2010-BLG-328L,1011,0,3,0.001435,810
UScoCTIO 108 b,11.34,UScoCTIO 108,1087,0,3,0.000316,145
WISE 1217+16A b,10.75,WISE 1217+16A,1190,0,3,0.000001,10
FU Tau b,11.28,FU Tau,88,0,3,0.000234,140
MOA-2007-BLG-192-L b,1.46,MOA-2007-BLG-192-L,1004,0,3,0.000356,700
Oph 11 b,10.87,Oph 11,1054,0,3,0.000018,145
2M 044144 b,11.66,2M 044144,12,0,3,0.000028,140
KIC-10001893 b,,KIC-10001893,969,0,3,0.048797,
KIC-10001893 d,,KIC-10001893,969,0,3,0.048797,
NY Vir b,11.52,NY Vir,1025,0,3,0.1296,
NY Vir c,11.68,NY Vir,1025,0,3,0.1296,
MOA-2013-BLG-220L b,6.68,MOA-2013-BLG-220L,1017,0,3,0.000234,2000
DE0823-49 b,10.39,DE0823-49,77,,,0.000659,20.77
HD 176051 b,10.92,HD 176051,317,,,0.247108,14.99
HIP 77900 b,10.94,HIP 77900,538,,,,
HU Aqr(AB) c,11.68,HU Aqr(AB),547,,,1,
HW Vir(AB) b,11.32,HW Vir(AB),548,,,0.15455,181
MOA-2007-BLG-400-L b,10.07,MOA-2007-BLG-400-L,1005,,,0.020563,6000
MOA-2008-BLG-310-L b,7.1,MOA-2008-BLG-310-L,1006,,,0.201511,6000
MOA-2008-BLG-379L b,11.66,MOA-2008-BLG-379L,1007,,,0.189747,3600
MOA-2009-BLG-266L b,3.74,MOA-2009-BLG-266L,1008,,,0.098345,3040
MOA-2011-BLG-262L b,4.49,MOA-2011-BLG-262L,1013,,,0.001753,7350
MOA-2011-BLG-274 b,9.84,MOA-2011-BLG-274,1014,,,,800
MOA-2011-BLG-293L b,11.68,MOA-2011-BLG-293L,1015,,,0.547008,7700
MOA-2011-BLG-322L b,11.65,MOA-2011-BLG-322L,1016,,,0.015555,7740
MOA-bin-1 b,11.64,MOA-bin-1,1018,,,0.316406,5100
NGC 2423 3 b,11.54,NGC 2423 3,1021,,,32.124073,766
NGC 4349 No 127 b,10.95,NGC 4349 No 127,1022,,,175.71846,2176
NN Ser(AB) c,11.67,NN Ser(AB),1023,,,0.174153,500
NN Ser(AB) d,11.38,NN Ser(AB),1023,,,0.174153,500
OGL-2008-BLG-355L b,11.68,OGL-2008-BLG-355L,1026,,,0.023366,6800
OGLE-05-071L b,11.62,OGLE-05-071L,1027,,,0.044775,3300
OGLE-05-169L b,4,OGLE-05-169L,1028,,,0.057648,2700
OGLE-06-109L b,9.65,OGLE-06-109L,1030,,,0.067652,1510
OGLE-06-109L c,7.46,OGLE-06-109L,1030,,,0.067652,1510
OGLE-2007-BLG-368L b,4.81,OGLE-2007-BLG-368L,1031,,,0.167772,5900
OGLE-2008-BLG-092L b,6.02,OGLE-2008-BLG-092L,1032,,,0.1296,7000
OGLE-2009-BLG-151 b,11.66,OGLE-2009-BLG-151,1033,,,0.000022,390
OGLE-2011-BLG-0251 b,10.19,OGLE-2011-BLG-0251,1034,,,0.048797,4090
OGLE-2011-BLG-0420 b,11.6,OGLE-2011-BLG-0420,1035,,,0.000048,1990
OGLE-2012-BLG-0026L b,5.6,OGLE-2012-BLG-0026L,1036,,,0.452122,4080
OGLE-2012-BLG-0026L c,9.51,OGLE-2012-BLG-0026L,1036,,,0.452122,4080
OGLE-2012-BLG-0358L b,11.18,OGLE-2012-BLG-0358L,1037,,,0.000035,1760
OGLE-2012-BLG-0406L b,11.51,OGLE-2012-BLG-0406L,1038,,,0.037481,4970
OGLE-2013-BLG-0102L b,11.37,OGLE-2013-BLG-0102L,1039,,,0.001075,3020
OGLE-2013-BLG-0341L b,1.21,OGLE-2013-BLG-0341L,1040,,,0.001518,911
OGLE-2014-BLG-0124L b,8.84,OGLE-2014-BLG-0124L,1041,,,0.254117,4100
OGLE235-MOA53 b,11.48,OGLE235-MOA53,1050,,,0.15753,5200
OY Car b,11.63,OY Car,1055,,,,
PSR 1257 12 b,0.31,PSR 1257 12,1058,,,5.2,710
PSR 1257 12 c,1.57,PSR 1257 12,1058,,,5.2,710
PSR 1257 12 d,1.54,PSR 1257 12,1058,,,5.2,710
PSR 1719-14 b,4.48,PSR 1719-14,1059,,,0.4,1200
PSR B1620-26 b,11.45,PSR B1620-26,1060,,,3.321506,3800
RR Cae b,11.67,RR Cae,1067,,,0.149679,
USco1602-2401 b,9.41,USco1602-2401,1084,,,,
USco1610-1913 b,10.94,USco1610-1913,1085,,,,
USco1612-1800 b,10.55,USco1612-1800,1086,,,,
UZ For(ab) d,11.66,UZ For(ab),1088,,,0.497871,
WASP-35 b,14.78,WASP-35,1127,,,1.333035,
WASP-42 b,12.1,WASP-42,1134,,,0.071328,
WASP-49 b,12.49,WASP-49,1141,,,0.753799,
WASP-53 b,13.44,WASP-53,1145,,,,
WASP-54 b,15.68,WASP-54,1146,,,,
WASP-56 b,13.44,WASP-56,1148,,,,
WASP-57 b,12.32,WASP-57,1149,,,,
WASP-64 b,7.84,WASP-64,1157,,,,
WASP-68 b,13.89,WASP-68,1161,,,2.321551,
WD 0806-661B b,11.65,WD 0806-661B,1188,,,0.147763,19.2